Station,Lat,Lon,UTM_X,UTM_Y,Elev,File
107,-20.4461,140.4834,446114.2465269208,7739067.152060735,0.0,G:\博士所有材料\电磁ai\第十六篇开创性工作天马行空\Geo-Buddy-Official\Experiment_Data_Full\107.edi
108,-20.446666666666665,140.50131666666667,447983.3337841913,7739010.224185656,0.0,G:\博士所有材料\电磁ai\第十六篇开创性工作天马行空\Geo-Buddy-Official\Experiment_Data_Full\108.edi
109R,-20.446916666666667,140.52068333333335,450003.5496985343,7738988.580137823,0.0,G:\博士所有材料\电磁ai\第十六篇开创性工作天马行空\Geo-Buddy-Official\Experiment_Data_Full\109R.edi
110,-20.446766666666665,140.53978333333333,451995.8147195995,7739010.886949466,0.0,G:\博士所有材料\电磁ai\第十六篇开创性工作天马行空\Geo-Buddy-Official\Experiment_Data_Full\110.edi
118c,-20.4263,140.46495,444182.5684224624,7741252.231630111,0.0,G:\博士所有材料\电磁ai\第十六篇开创性工作天马行空\Geo-Buddy-Official\Experiment_Data_Full\118c.edi
119,-20.428616666666667,140.48385,446155.0997925107,7741002.161661113,0.0,G:\博士所有材料\电磁ai\第十六篇开创性工作天马行空\Geo-Buddy-Official\Experiment_Data_Full\119.edi
120,-20.42853333333333,140.50173333333333,448020.70217054215,7741017.148737268,0.0,G:\博士所有材料\电磁ai\第十六篇开创性工作天马行空\Geo-Buddy-Official\Experiment_Data_Full\120.edi
121,-20.428700000000003,140.5208,450009.8312645189,7741004.626237607,0.0,G:\博士所有材料\电磁ai\第十六篇开创性工作天马行空\Geo-Buddy-Official\Experiment_Data_Full\121.edi
122,-20.428733333333334,140.53975,451986.7396338163,7741006.594379456,0.0,G:\博士所有材料\电磁ai\第十六篇开创性工作天马行空\Geo-Buddy-Official\Experiment_Data_Full\122.edi
123,-20.428800000000003,140.5591,454005.38163391326,7741004.757496471,0.0,G:\博士所有材料\电磁ai\第十六篇开创性工作天马行空\Geo-Buddy-Official\Experiment_Data_Full\123.edi
130,-20.410966666666667,140.44601666666668,442201.6367631915,7742942.608069173,0.0,G:\博士所有材料\电磁ai\第十六篇开创性工作天马行空\Geo-Buddy-Official\Experiment_Data_Full\130.edi
131,-20.410166666666665,140.46303333333333,443976.7758353558,7743037.038182169,0.0,G:\博士所有材料\电磁ai\第十六篇开创性工作天马行空\Geo-Buddy-Official\Experiment_Data_Full\131.edi
132,-20.41085,140.48545,446315.8547545709,7742968.899394749,0.0,G:\博士所有材料\电磁ai\第十六篇开创性工作天马行空\Geo-Buddy-Official\Experiment_Data_Full\132.edi
133,-20.410733333333333,140.50143333333332,447983.4248501641,7742986.952635571,0.0,G:\博士所有材料\电磁ai\第十六篇开创性工作天马行空\Geo-Buddy-Official\Experiment_Data_Full\133.edi
134,-20.410566666666664,140.52290000000002,450223.0769492833,7743012.047931944,0.0,G:\博士所有材料\电磁ai\第十六篇开创性工作天马行空\Geo-Buddy-Official\Experiment_Data_Full\134.edi
135,-20.41055,140.54023333333333,452031.5278266903,7743019.048846742,0.0,G:\博士所有材料\电磁ai\第十六篇开创性工作天马行空\Geo-Buddy-Official\Experiment_Data_Full\135.edi
136,-20.410716666666666,140.55870000000002,453958.2751433736,7743005.887890072,0.0,G:\博士所有材料\电磁ai\第十六篇开创性工作天马行空\Geo-Buddy-Official\Experiment_Data_Full\136.edi
137,-20.410766666666664,140.5784,456013.6592604498,7743005.752321064,0.0,G:\博士所有材料\电磁ai\第十六篇开创性工作天马行空\Geo-Buddy-Official\Experiment_Data_Full\137.edi
138,-20.410666666666664,140.5963,457881.1976429982,7743021.5099313,0.0,G:\博士所有材料\电磁ai\第十六篇开创性工作天马行空\Geo-Buddy-Official\Experiment_Data_Full\138.edi
144,-20.39175,140.42544999999998,440048.3806196957,7745061.932739783,0.0,G:\博士所有材料\电磁ai\第十六篇开创性工作天马行空\Geo-Buddy-Official\Experiment_Data_Full\144.edi
145,-20.39228333333333,140.44411666666667,441996.4073537351,7745009.604797924,0.0,G:\博士所有材料\电磁ai\第十六篇开创性工作天马行空\Geo-Buddy-Official\Experiment_Data_Full\145.edi
146,-20.39175,140.46265,443930.1173131723,7745075.057078112,0.0,G:\博士所有材料\电磁ai\第十六篇开创性工作天马行空\Geo-Buddy-Official\Experiment_Data_Full\146.edi
147,-20.3928,140.48426666666666,446186.1241833213,7744966.078294313,0.0,G:\博士所有材料\电磁ai\第十六篇开创性工作天马行空\Geo-Buddy-Official\Experiment_Data_Full\147.edi
148,-20.39268333333333,140.50145,447979.1044207349,7744984.519880669,0.0,G:\博士所有材料\电磁ai\第十六篇开创性工作天马行空\Geo-Buddy-Official\Experiment_Data_Full\148.edi
149,-20.39313333333333,140.52073333333334,449991.3937293551,7744940.70231203,0.0,G:\博士所有材料\电磁ai\第十六篇开创性工作天马行空\Geo-Buddy-Official\Experiment_Data_Full\149.edi
150,-20.39268333333333,140.53991666666667,451992.9538043545,7744996.220657375,0.0,G:\博士所有材料\电磁ai\第十六篇开创性工作天马行空\Geo-Buddy-Official\Experiment_Data_Full\150.edi
151,-20.392816666666665,140.55911666666668,453996.4335974674,7744986.953893926,0.0,G:\博士所有材料\电磁ai\第十六篇开创性工作天马行空\Geo-Buddy-Official\Experiment_Data_Full\151.edi
152,-20.3927,140.57823333333332,455991.1395912528,7745005.097731588,0.0,G:\博士所有材料\电磁ai\第十六篇开创性工作天马行空\Geo-Buddy-Official\Experiment_Data_Full\152.edi
153,-20.3927,140.5976333333333,458015.4409819802,7745010.170807727,0.0,G:\博士所有材料\电磁ai\第十六篇开创性工作天马行空\Geo-Buddy-Official\Experiment_Data_Full\153.edi
154,-20.392866666666663,140.61673333333334,460008.4781500531,7744996.487617971,0.0,G:\博士所有材料\电磁ai\第十六篇开创性工作天马行空\Geo-Buddy-Official\Experiment_Data_Full\154.edi
160,-20.373,140.42575,440072.4414347752,7747137.086851176,0.0,G:\博士所有材料\电磁ai\第十六篇开创性工作天马行空\Geo-Buddy-Official\Experiment_Data_Full\160.edi
161,-20.373933333333333,140.44358333333335,441933.886290833,7747040.189111921,0.0,G:\博士所有材料\电磁ai\第十六篇开创性工作天马行空\Geo-Buddy-Official\Experiment_Data_Full\161.edi
162,-20.3755,140.46031666666664,443680.7395610587,7746872.624019185,0.0,G:\博士所有材料\电磁ai\第十六篇开创性工作天马行空\Geo-Buddy-Official\Experiment_Data_Full\162.edi
163,-20.3744,140.4827,446016.2442381381,7747001.860923128,0.0,G:\博士所有材料\电磁ai\第十六篇开创性工作天马行空\Geo-Buddy-Official\Experiment_Data_Full\163.edi
164,-20.374266666666667,140.50018333333333,447840.7394920673,7747022.255016405,0.0,G:\博士所有材料\电磁ai\第十六篇开创性工作天马行空\Geo-Buddy-Official\Experiment_Data_Full\164.edi
170,-20.356333333333332,140.42501666666666,439989.4687127125,7748981.300349783,0.0,G:\博士所有材料\电磁ai\第十六篇开创性工作天马行空\Geo-Buddy-Official\Experiment_Data_Full\170.edi
171_avg,-20.356150000000003,140.445,442075.0948721282,7749008.74417446,0.0,G:\博士所有材料\电磁ai\第十六篇开创性工作天马行空\Geo-Buddy-Official\Experiment_Data_Full\171_avg.edi
172,-20.35565,140.4648,444141.4719207023,7749070.917562023,0.0,G:\博士所有材料\电磁ai\第十六篇开创性工作天马行空\Geo-Buddy-Official\Experiment_Data_Full\172.edi
173,-20.358516666666667,140.4842833333333,446175.972734033,7748760.156797392,0.0,G:\博士所有材料\电磁ai\第十六篇开创性工作天马行空\Geo-Buddy-Official\Experiment_Data_Full\173.edi
174,-20.35645,140.50248333333334,448074.8063109277,7748994.713325949,0.0,G:\博士所有材料\电磁ai\第十六篇开创性工作天马行空\Geo-Buddy-Official\Experiment_Data_Full\174.edi
179R,-20.337966666666667,140.40605,438002.5534910532,7751006.89457933,0.0,G:\博士所有材料\电磁ai\第十六篇开创性工作天马行空\Geo-Buddy-Official\Experiment_Data_Full\179R.edi
180R,-20.3386,140.42465,439944.346370875,7750943.690453786,0.0,G:\博士所有材料\电磁ai\第十六篇开创性工作天马行空\Geo-Buddy-Official\Experiment_Data_Full\180R.edi
181,-20.33598333333333,140.445,442067.5780668874,7751240.555268988,0.0,G:\博士所有材料\电磁ai\第十六篇开创性工作天马行空\Geo-Buddy-Official\Experiment_Data_Full\181.edi
182,-20.339216666666665,140.46435,444088.59256390703,7750889.410075713,0.0,G:\博士所有材料\电磁ai\第十六篇开创性工作天马行空\Geo-Buddy-Official\Experiment_Data_Full\182.edi
183,-20.3382,140.48261666666667,445994.9632472773,7751008.012582606,0.0,G:\博士所有材料\电磁ai\第十六篇开创性工作天马行空\Geo-Buddy-Official\Experiment_Data_Full\183.edi
184,-20.33833333333333,140.50181666666666,447999.1640958382,7750999.430399476,0.0,G:\博士所有材料\电磁ai\第十六篇开创性工作天马行空\Geo-Buddy-Official\Experiment_Data_Full\184.edi
185,-20.3383,140.52103333333335,450005.0431667405,7751009.064417763,0.0,G:\博士所有材料\电磁ai\第十六篇开创性工作天马行空\Geo-Buddy-Official\Experiment_Data_Full\185.edi
186,-20.33815,140.54051666666666,452038.7181563383,7751031.453319671,0.0,G:\博士所有材料\电磁ai\第十六篇开创性工作天马行空\Geo-Buddy-Official\Experiment_Data_Full\186.edi
187,-20.3387,140.55935000000002,454004.75128894695,7750975.953806404,0.0,G:\博士所有材料\电磁ai\第十六篇开创性工作天马行空\Geo-Buddy-Official\Experiment_Data_Full\187.edi
188,-20.338266666666662,140.5781,455961.78974779294,7751029.029756354,0.0,G:\博士所有材料\电磁ai\第十六篇开创性工作天马行空\Geo-Buddy-Official\Experiment_Data_Full\188.edi
189,-20.338466666666665,140.59733333333335,457969.4581279634,7751011.917523067,0.0,G:\博士所有材料\电磁ai\第十六篇开创性工作天马行空\Geo-Buddy-Official\Experiment_Data_Full\189.edi
194,-20.319616666666665,140.40583333333333,437972.62040535465,7753037.583385423,0.0,G:\博士所有材料\电磁ai\第十六篇开创性工作天马行空\Geo-Buddy-Official\Experiment_Data_Full\194.edi
195,-20.320166666666665,140.42391666666666,439860.6721164454,7752983.410921236,0.0,G:\博士所有材料\电磁ai\第十六篇开创性工作天马行空\Geo-Buddy-Official\Experiment_Data_Full\195.edi
196R,-20.31993333333333,140.44438333333335,441997.22325508407,7753016.561463179,0.0,G:\博士所有材料\电磁ai\第十六篇开创性工作天马行空\Geo-Buddy-Official\Experiment_Data_Full\196R.edi
197,-20.315516666666667,140.46633333333332,444287.1317374968,7753512.908083656,0.0,G:\博士所有材料\电磁ai\第十六篇开创性工作天马行空\Geo-Buddy-Official\Experiment_Data_Full\197.edi
198,-20.32003333333333,140.48344999999998,446075.65216416446,7753018.746336316,0.0,G:\博士所有材料\电磁ai\第十六篇开创性工作天马行空\Geo-Buddy-Official\Experiment_Data_Full\198.edi
199,-20.32035,140.50176666666667,447987.9323725983,7752989.582278727,0.0,G:\博士所有材料\电磁ai\第十六篇开创性工作天马行空\Geo-Buddy-Official\Experiment_Data_Full\199.edi
200,-20.320083333333333,140.52101666666667,449997.448249747,7753025.044948785,0.0,G:\博士所有材料\电磁ai\第十六篇开创性工作天马行空\Geo-Buddy-Official\Experiment_Data_Full\200.edi
201,-20.321483333333333,140.54035,452016.18014682457,7752875.852644794,0.0,G:\博士所有材料\电磁ai\第十六篇开创性工作天马行空\Geo-Buddy-Official\Experiment_Data_Full\201.edi
202,-20.32078333333333,140.55785,453842.8621999769,7752958.312307956,0.0,G:\博士所有材料\电磁ai\第十六篇开创性工作天马行空\Geo-Buddy-Official\Experiment_Data_Full\202.edi
203,-20.32045,140.57831666666667,455979.36432327935,7753000.79457085,0.0,G:\博士所有材料\电磁ai\第十六篇开创性工作天马行空\Geo-Buddy-Official\Experiment_Data_Full\203.edi
204,-20.32038333333333,140.59753333333333,457985.45066834136,7753013.182828594,0.0,G:\博士所有材料\电磁ai\第十六篇开创性工作天马行空\Geo-Buddy-Official\Experiment_Data_Full\204.edi
205R,-20.32058333333333,140.61695,460012.4823951162,7752995.874958713,0.0,G:\博士所有材料\电磁ai\第十六篇开创性工作天马行空\Geo-Buddy-Official\Experiment_Data_Full\205R.edi
209,-20.30398333333333,140.38434999999998,435723.3730061625,7754759.482818923,0.0,G:\博士所有材料\电磁ai\第十六篇开创性工作天马行空\Geo-Buddy-Official\Experiment_Data_Full\209.edi
210,-20.30155,140.4069,438076.792579176,7755037.393821362,0.0,G:\博士所有材料\电磁ai\第十六篇开创性工作天马行空\Geo-Buddy-Official\Experiment_Data_Full\210.edi
211,-20.302766666666667,140.42441666666664,439906.1550260568,7754909.219522642,0.0,G:\博士所有材料\电磁ai\第十六篇开创性工作天马行空\Geo-Buddy-Official\Experiment_Data_Full\211.edi
212,-20.30145,140.44433333333333,441985.1173214378,7755062.055293505,0.0,G:\博士所有材料\电磁ai\第十六篇开创性工作天马行空\Geo-Buddy-Official\Experiment_Data_Full\212.edi
213,-20.302099166666668,140.4633025,443965.8889455319,7754996.764372282,0.0,G:\博士所有材料\电磁ai\第十六篇开创性工作天马行空\Geo-Buddy-Official\Experiment_Data_Full\213.edi
214,-20.302266666666668,140.48281666666668,446003.374255957,7754984.729285266,0.0,G:\博士所有材料\电磁ai\第十六篇开创性工作天马行空\Geo-Buddy-Official\Experiment_Data_Full\214.edi
215,-20.3022,140.502,448006.23092271807,7754998.263862653,0.0,G:\博士所有材料\电磁ai\第十六篇开创性工作天马行空\Geo-Buddy-Official\Experiment_Data_Full\215.edi
216,-20.301816666666667,140.52096666666668,449986.3616716983,7755046.54456307,0.0,G:\博士所有材料\电磁ai\第十六篇开创性工作天马行空\Geo-Buddy-Official\Experiment_Data_Full\216.edi
217,-20.302416666666662,140.54018333333332,451992.9028131204,7754985.84823055,0.0,G:\博士所有材料\电磁ai\第十六篇开创性工作天马行空\Geo-Buddy-Official\Experiment_Data_Full\217.edi
218,-20.301416666666668,140.55926666666667,453985.0309820138,7755101.947588963,0.0,G:\博士所有材料\电磁ai\第十六篇开创性工作天马行空\Geo-Buddy-Official\Experiment_Data_Full\218.edi
219,-20.30173333333333,140.57756666666666,455895.767695418,7755071.896869764,0.0,G:\博士所有材料\电磁ai\第十六篇开创性工作天马行空\Geo-Buddy-Official\Experiment_Data_Full\219.edi
220R,-20.302833333333336,140.59775000000002,458003.3361107892,7754955.426351109,0.0,G:\博士所有材料\电磁ai\第十六篇开创性工作天马行空\Geo-Buddy-Official\Experiment_Data_Full\220R.edi
223R,-20.283616666666667,140.36791666666667,433998.9820775236,7757006.955276048,0.0,G:\博士所有材料\电磁ai\第十六篇开创性工作天马行空\Geo-Buddy-Official\Experiment_Data_Full\223R.edi
224,-20.28513333333333,140.38683333333333,435974.908098532,7756846.549800238,0.0,G:\博士所有材料\电磁ai\第十六篇开创性工作天马行空\Geo-Buddy-Official\Experiment_Data_Full\224.edi
225R,-20.283800000000003,140.40625,438001.8666154232,7757001.510906143,0.0,G:\博士所有材料\电磁ai\第十六篇开创性工作天马行空\Geo-Buddy-Official\Experiment_Data_Full\225R.edi
226,-20.28335,140.42353333333332,439806.4297101228,7757057.700832777,0.0,G:\博士所有材料\电磁ai\第十六篇开创性工作天马行空\Geo-Buddy-Official\Experiment_Data_Full\226.edi
227,-20.28376666666667,140.44448333333332,441994.19790589815,7757019.081048103,0.0,G:\博士所有材料\电磁ai\第十六篇开创性工作天马行空\Geo-Buddy-Official\Experiment_Data_Full\227.edi
228_avg,-20.28415,140.46366666666663,443997.4616880064,7756983.275393499,0.0,G:\博士所有材料\电磁ai\第十六篇开创性工作天马行空\Geo-Buddy-Official\Experiment_Data_Full\228_avg.edi
229,-20.28418333333333,140.48281666666668,445997.1089671016,7756985.959965315,0.0,G:\博士所有材料\电磁ai\第十六篇开创性工作天马行空\Geo-Buddy-Official\Experiment_Data_Full\229.edi
230,-20.284983333333336,140.5007,447864.7427597019,7756903.169196097,0.0,G:\博士所有材料\电磁ai\第十六篇开创性工作天马行空\Geo-Buddy-Official\Experiment_Data_Full\230.edi
231,-20.28395,140.52156666666667,450043.2797127386,7757023.970017359,0.0,G:\博士所有材料\电磁ai\第十六篇开创性工作天马行空\Geo-Buddy-Official\Experiment_Data_Full\231.edi
232,-20.284433333333336,140.54051666666666,452022.1695063691,7756976.096057428,0.0,G:\博士所有材料\电磁ai\第十六篇开创性工作天马行空\Geo-Buddy-Official\Experiment_Data_Full\232.edi
233,-20.2843,140.55953333333335,454007.8223425532,7756996.258038802,0.0,G:\博士所有材料\电磁ai\第十六篇开创性工作天马行空\Geo-Buddy-Official\Experiment_Data_Full\233.edi
234,-20.28325,140.57651666666666,455780.8973432766,7757117.092444329,0.0,G:\博士所有材料\电磁ai\第十六篇开创性工作天马行空\Geo-Buddy-Official\Experiment_Data_Full\234.edi
235,-20.284233333333336,140.59793333333334,458017.4672977494,7757013.856372829,0.0,G:\博士所有材料\电磁ai\第十六篇开创性工作天马行空\Geo-Buddy-Official\Experiment_Data_Full\235.edi
238,-20.26553333333333,140.36801666666668,434001.77475299576,7759008.252431517,0.0,G:\博士所有材料\电磁ai\第十六篇开创性工作天马行空\Geo-Buddy-Official\Experiment_Data_Full\238.edi
239,-20.266683333333333,140.38743333333332,436029.9949620327,7758888.612415473,0.0,G:\博士所有材料\电磁ai\第十六篇开创性工作天马行空\Geo-Buddy-Official\Experiment_Data_Full\239.edi
240,-20.266216666666665,140.40456666666668,437819.0837623048,7758946.791358182,0.0,G:\博士所有材料\电磁ai\第十六篇开创性工作天马行空\Geo-Buddy-Official\Experiment_Data_Full\240.edi
241,-20.26468333333333,140.42536666666666,439990.68848508433,7759124.16462191,0.0,G:\博士所有材料\电磁ai\第十六篇开创性工作天马行空\Geo-Buddy-Official\Experiment_Data_Full\241.edi
242_avg,-20.2663,140.44303333333335,441836.2769254064,7758951.563048797,0.0,G:\博士所有材料\电磁ai\第十六篇开创性工作天马行空\Geo-Buddy-Official\Experiment_Data_Full\242_avg.edi
243,-20.270966666666663,140.46609999999998,444246.83793649386,7758443.06022584,0.0,G:\博士所有材料\电磁ai\第十六篇开创性工作天马行空\Geo-Buddy-Official\Experiment_Data_Full\243.edi
244R_avg,-20.26755,140.48295,446005.2748708024,7758826.763219204,0.0,G:\博士所有材料\电磁ai\第十六篇开创性工作天马行空\Geo-Buddy-Official\Experiment_Data_Full\244R_avg.edi
245,-20.2669,140.50176666666667,447970.0919577165,7758904.72762649,0.0,G:\博士所有材料\电磁ai\第十六篇开创性工作天马行空\Geo-Buddy-Official\Experiment_Data_Full\245.edi
246,-20.26615,140.52133333333336,450013.2123642677,7758993.761605041,0.0,G:\博士所有材料\电磁ai\第十六篇开创性工作天马行空\Geo-Buddy-Official\Experiment_Data_Full\246.edi
247,-20.266,140.5408,452046.0891521832,7759016.124850286,0.0,G:\博士所有材料\电磁ai\第十六篇开创性工作天马行空\Geo-Buddy-Official\Experiment_Data_Full\247.edi
248,-20.264233333333333,140.55895,453940.98796384496,7759216.792448019,0.0,G:\博士所有材料\电磁ai\第十六篇开创性工作天马行空\Geo-Buddy-Official\Experiment_Data_Full\248.edi
249,-20.266816666666667,140.5778,455910.257891596,7758936.042538322,0.0,G:\博士所有材料\电磁ai\第十六篇开创性工作天马行空\Geo-Buddy-Official\Experiment_Data_Full\249.edi
250,-20.26738333333333,140.59833333333333,458054.70437750063,7758878.672410924,0.0,G:\博士所有材料\电磁ai\第十六篇开创性工作天马行空\Geo-Buddy-Official\Experiment_Data_Full\250.edi
253,-20.247466666666668,140.36803333333333,433995.8796358154,7761007.667752696,0.0,G:\博士所有材料\电磁ai\第十六篇开创性工作天马行空\Geo-Buddy-Official\Experiment_Data_Full\253.edi
254,-20.247866666666667,140.38711666666666,435989.2119140587,7760970.894275498,0.0,G:\博士所有材料\电磁ai\第十六篇开创性工作天马行空\Geo-Buddy-Official\Experiment_Data_Full\254.edi
255,-20.24925,140.4066,438024.6964536196,7760825.217836038,0.0,G:\博士所有材料\电磁ai\第十六篇开创性工作天马行空\Geo-Buddy-Official\Experiment_Data_Full\255.edi
256_avg,-20.250866666666667,140.41858333333332,439276.9096993997,7760650.746574827,0.0,G:\博士所有材料\电磁ai\第十六篇开创性工作天马行空\Geo-Buddy-Official\Experiment_Data_Full\256_avg.edi
257,-20.246333333333336,140.44615000000002,442154.361114205,7761162.310637182,0.0,G:\博士所有材料\电磁ai\第十六篇开创性工作天马行空\Geo-Buddy-Official\Experiment_Data_Full\257.edi
258,-20.247933333333336,140.46371666666664,443989.68804810056,7760991.2841289565,0.0,G:\博士所有材料\电磁ai\第十六篇开创性工作天马行空\Geo-Buddy-Official\Experiment_Data_Full\258.edi
259,-20.247866666666667,140.48293333333334,445996.72772051545,7761005.047092351,0.0,G:\博士所有材料\电磁ai\第十六篇开创性工作天马行空\Geo-Buddy-Official\Experiment_Data_Full\259.edi
260,-20.247866666666667,140.50211666666667,448000.3051898218,7761011.188796183,0.0,G:\博士所有材料\电磁ai\第十六篇开创性工作天马行空\Geo-Buddy-Official\Experiment_Data_Full\260.edi
261R_avg,-20.248066666666663,140.5212666666667,450000.46075611166,7760994.955027515,0.0,G:\博士所有材料\电磁ai\第十六篇开创性工作天马行空\Geo-Buddy-Official\Experiment_Data_Full\261R_avg.edi
262,-20.24788333333333,140.54043333333334,452002.22987595614,7761020.916708395,0.0,G:\博士所有材料\电磁ai\第十六篇开创性工作天马行空\Geo-Buddy-Official\Experiment_Data_Full\262.edi
263,-20.243516666666668,140.55773333333337,453807.80268442055,7761509.077935837,0.0,G:\博士所有材料\电磁ai\第十六篇开创性工作天马行空\Geo-Buddy-Official\Experiment_Data_Full\263.edi
264,-20.241433333333333,140.5807,456205.98819599743,7761745.871227331,0.0,G:\博士所有材料\电磁ai\第十六篇开创性工作天马行空\Geo-Buddy-Official\Experiment_Data_Full\264.edi
265,-20.2441825,140.59822083333333,458036.7226111564,7761446.170997206,0.0,G:\博士所有材料\电磁ai\第十六篇开创性工作天马行空\Geo-Buddy-Official\Experiment_Data_Full\265.edi
266,-20.24566666666667,140.6209,460405.8205733857,7761287.511209795,0.0,G:\博士所有材料\电磁ai\第十六篇开创性工作天马行空\Geo-Buddy-Official\Experiment_Data_Full\266.edi
270,-20.22953333333333,140.38706666666667,435976.481022512,7762999.785508109,0.0,G:\博士所有材料\电磁ai\第十六篇开创性工作天马行空\Geo-Buddy-Official\Experiment_Data_Full\270.edi
271,-20.2231,140.40781666666666,438141.4236576566,7763719.627873605,0.0,G:\博士所有材料\电磁ai\第十六篇开创性工作天马行空\Geo-Buddy-Official\Experiment_Data_Full\271.edi
272,-20.22523333333333,140.42496666666665,439933.7526569121,7763489.846256499,0.0,G:\博士所有材料\电磁ai\第十六篇开创性工作天马行空\Geo-Buddy-Official\Experiment_Data_Full\272.edi
275,-20.2275,140.47655,445322.9048989077,7763256.8601273075,0.0,G:\博士所有材料\电磁ai\第十六篇开创性工作天马行空\Geo-Buddy-Official\Experiment_Data_Full\275.edi
276,-20.230266666666665,140.50233333333333,448017.0819670614,7762958.981976693,0.0,G:\博士所有材料\电磁ai\第十六篇开创性工作天马行空\Geo-Buddy-Official\Experiment_Data_Full\276.edi
277,-20.2303,140.52051666666668,449916.4361468335,7762960.893786984,0.0,G:\博士所有材料\电磁ai\第十六篇开创性工作天马行空\Geo-Buddy-Official\Experiment_Data_Full\277.edi
278,-20.2299,140.54071666666667,452026.3032704992,7763011.137446342,0.0,G:\博士所有材料\电磁ai\第十六篇开创性工作天马行空\Geo-Buddy-Official\Experiment_Data_Full\278.edi
279,-20.230316666666663,140.55980000000002,454019.77514825255,7762970.437432954,0.0,G:\博士所有材料\电磁ai\第十六篇开创性工作天马行空\Geo-Buddy-Official\Experiment_Data_Full\279.edi
280,-20.22978333333333,140.57795,455915.47418004106,7763034.391867699,0.0,G:\博士所有材料\电磁ai\第十六篇开创性工作天马行空\Geo-Buddy-Official\Experiment_Data_Full\280.edi
282,-20.230283333333333,140.61781666666667,460079.8574807199,7762989.16553107,0.0,G:\博士所有材料\电磁ai\第十六篇开创性工作天马行空\Geo-Buddy-Official\Experiment_Data_Full\282.edi
286,-20.21075,140.39066666666665,436344.8863623345,7765079.878190269,0.0,G:\博士所有材料\电磁ai\第十六篇开创性工作天马行空\Geo-Buddy-Official\Experiment_Data_Full\286.edi
287,-20.210366666666665,140.40723333333335,438075.44965493766,7765128.573179488,0.0,G:\博士所有材料\电磁ai\第十六篇开创性工作天马行空\Geo-Buddy-Official\Experiment_Data_Full\287.edi
288,-20.211683333333333,140.4257333333333,440008.6439739423,7764989.661854789,0.0,G:\博士所有材料\电磁ai\第十六篇开创性工作天马行空\Geo-Buddy-Official\Experiment_Data_Full\288.edi
289,-20.210933333333333,140.44468333333333,441988.0455431421,7765079.404159822,0.0,G:\博士所有材料\电磁ai\第十六篇开创性工作天马行空\Geo-Buddy-Official\Experiment_Data_Full\289.edi
290,-20.216766666666665,140.46384999999998,443992.4518662475,7764440.439228112,0.0,G:\博士所有材料\电磁ai\第十六篇开创性工作天马行空\Geo-Buddy-Official\Experiment_Data_Full\290.edi
291,-20.2092,140.48315,446006.0100794387,7765284.215490977,0.0,G:\博士所有材料\电磁ai\第十六篇开创性工作天马行空\Geo-Buddy-Official\Experiment_Data_Full\291.edi
292,-20.20908333333333,140.5019,447964.77410962497,7765303.119971247,0.0,G:\博士所有材料\电磁ai\第十六篇开创性工作天马行空\Geo-Buddy-Official\Experiment_Data_Full\292.edi
293,-20.2118,140.52088333333336,449948.8187888963,7765008.3208041135,0.0,G:\博士所有材料\电磁ai\第十六篇开创性工作天马行空\Geo-Buddy-Official\Experiment_Data_Full\293.edi
294,-20.211966666666665,140.54051666666666,451999.9110797785,7764995.680868024,0.0,G:\博士所有材料\电磁ai\第十六篇开创性工作天马行空\Geo-Buddy-Official\Experiment_Data_Full\294.edi
295,-20.212116666666667,140.5596666666667,454000.497525039,7764984.508582314,0.0,G:\博士所有材料\电磁ai\第十六篇开创性工作天马行空\Geo-Buddy-Official\Experiment_Data_Full\295.edi
296R,-20.21188888888889,140.57730555555554,455843.10919775785,7765014.510434595,0.0,G:\博士所有材料\电磁ai\第十六篇开创性工作天马行空\Geo-Buddy-Official\Experiment_Data_Full\296R.edi
297,-20.21208333333333,140.59795,457999.8167330076,7764998.355121991,0.0,G:\博士所有材料\电磁ai\第十六篇开创性工作天马行空\Geo-Buddy-Official\Experiment_Data_Full\297.edi
298R,-20.21225,140.61697222222222,459987.0404518406,7764984.614814891,0.0,G:\博士所有材料\电磁ai\第十六篇开创性工作天马行空\Geo-Buddy-Official\Experiment_Data_Full\298R.edi
299,-20.212055555555555,140.63572222222223,461945.73086015566,7765010.546303151,0.0,G:\博士所有材料\电磁ai\第十六篇开创性工作天马行空\Geo-Buddy-Official\Experiment_Data_Full\299.edi
300,-20.21227777777778,140.65533333333337,463994.4756946252,7764990.333358539,0.0,G:\博士所有材料\电磁ai\第十六篇开创性工作天马行空\Geo-Buddy-Official\Experiment_Data_Full\300.edi
301,-20.21208333333333,140.67558333333332,466109.8630748696,7765016.118910527,0.0,G:\博士所有材料\电磁ai\第十六篇开创性工作天马行空\Geo-Buddy-Official\Experiment_Data_Full\301.edi
302R,-20.21183333333333,140.69308333333333,467937.96045177866,7765047.264767996,0.0,G:\博士所有材料\电磁ai\第十六篇开创性工作天马行空\Geo-Buddy-Official\Experiment_Data_Full\302R.edi
307,-20.19405,140.38776666666666,436035.1036723172,7766926.907740644,0.0,G:\博士所有材料\电磁ai\第十六篇开创性工作天马行空\Geo-Buddy-Official\Experiment_Data_Full\307.edi
308,-20.19355,140.40648333333334,437990.4396426197,7766989.344498802,0.0,G:\博士所有材料\电磁ai\第十六篇开创性工作天马行空\Geo-Buddy-Official\Experiment_Data_Full\308.edi
309,-20.193183333333334,140.42611666666664,440041.6084192643,7767037.136262087,0.0,G:\博士所有材料\电磁ai\第十六篇开创性工作天马行空\Geo-Buddy-Official\Experiment_Data_Full\309.edi
310,-20.19355,140.44455,441967.6757552455,7767003.110645635,0.0,G:\博士所有材料\电磁ai\第十六篇开创性工作天马行空\Geo-Buddy-Official\Experiment_Data_Full\310.edi
311,-20.19366638888889,140.46255499999998,443848.8874947488,7766996.42372684,0.0,G:\博士所有材料\电磁ai\第十六篇开创性工作天马行空\Geo-Buddy-Official\Experiment_Data_Full\311.edi
312,-20.19375,140.4831388888889,445999.5229460847,7766994.001311007,0.0,G:\博士所有材料\电磁ai\第十六篇开创性工作天马行空\Geo-Buddy-Official\Experiment_Data_Full\312.edi
313_R,-20.193722222222224,140.50225,447996.2385491496,7767003.17834099,0.0,G:\博士所有材料\电磁ai\第十六篇开创性工作天马行空\Geo-Buddy-Official\Experiment_Data_Full\313_R.edi
314,-20.195194444444446,140.52269444444445,450132.73376751295,7766846.528508385,0.0,G:\博士所有材料\电磁ai\第十六篇开创性工作天马行空\Geo-Buddy-Official\Experiment_Data_Full\314.edi
315RRR,-20.193816666666667,140.54068333333333,452011.7614116181,7767004.303837963,0.0,G:\博士所有材料\电磁ai\第十六篇开创性工作天马行空\Geo-Buddy-Official\Experiment_Data_Full\315RRR.edi
316,-20.19175,140.55925000000002,453950.9822428933,7767238.271068694,0.0,G:\博士所有材料\电磁ai\第十六篇开创性工作天马行空\Geo-Buddy-Official\Experiment_Data_Full\316.edi
317_R,-20.1945,140.5791111111111,456026.8476972388,7766939.328811962,0.0,G:\博士所有材料\电磁ai\第十六篇开创性工作天马行空\Geo-Buddy-Official\Experiment_Data_Full\317_R.edi
318R,-20.194,140.5971388888889,457910.2234620255,7766999.335195156,0.0,G:\博士所有材料\电磁ai\第十六篇开创性工作天马行空\Geo-Buddy-Official\Experiment_Data_Full\318R.edi
319,-20.19388888888889,140.6170277777778,459988.15365959535,7767016.550407435,0.0,G:\博士所有材料\电磁ai\第十六篇开创性工作天马行空\Geo-Buddy-Official\Experiment_Data_Full\319.edi
320RR,-20.194194444444445,140.63602777777777,461973.3146753754,7766987.203093172,0.0,G:\博士所有材料\电磁ai\第十六篇开创性工作天马行空\Geo-Buddy-Official\Experiment_Data_Full\320RR.edi
321,-20.194444444444446,140.6555277777778,464010.6907811599,7766963.8851288445,0.0,G:\博士所有材料\电磁ai\第十六篇开创性工作天马行空\Geo-Buddy-Official\Experiment_Data_Full\321.edi
322,-20.19413888888889,140.67433333333332,465975.3828699288,7767001.665559955,0.0,G:\博士所有材料\电磁ai\第十六篇开创性工作天马行空\Geo-Buddy-Official\Experiment_Data_Full\322.edi
323,-20.19463888888889,140.6941111111111,468041.81968197343,7766950.265047761,0.0,G:\博士所有材料\电磁ai\第十六篇开创性工作天马行空\Geo-Buddy-Official\Experiment_Data_Full\323.edi
327,-20.17516666666667,140.38661666666667,435907.2307823647,7769016.229415115,0.0,G:\博士所有材料\电磁ai\第十六篇开创性工作天马行空\Geo-Buddy-Official\Experiment_Data_Full\327.edi
328,-20.173466666666663,140.40701666666666,438038.2261202705,7769212.102934828,0.0,G:\博士所有材料\电磁ai\第十六篇开创性工作天马行空\Geo-Buddy-Official\Experiment_Data_Full\328.edi
329,-20.176166666666667,140.42366666666666,439779.0934673763,7768919.426194591,0.0,G:\博士所有材料\电磁ai\第十六篇开创性工作天马行空\Geo-Buddy-Official\Experiment_Data_Full\329.edi
330,-20.1765,140.4437,441872.5457044636,7768889.674058157,0.0,G:\博士所有材料\电磁ai\第十六篇开创性工作天马行空\Geo-Buddy-Official\Experiment_Data_Full\330.edi
331,-20.17691611111111,140.463745,443967.2322322588,7768850.512874464,0.0,G:\博士所有材料\电磁ai\第十六篇开创性工作天马行空\Geo-Buddy-Official\Experiment_Data_Full\331.edi
332,-20.175600000000003,140.48222361111112,445897.63154953066,7769002.287264414,0.0,G:\博士所有材料\电磁ai\第十六篇开创性工作天马行空\Geo-Buddy-Official\Experiment_Data_Full\332.edi
333R,-20.17588888888889,140.50213888888888,447978.7124068167,7768976.678732746,0.0,G:\博士所有材料\电磁ai\第十六篇开创性工作天马行空\Geo-Buddy-Official\Experiment_Data_Full\333R.edi
334RR,-20.175416666666667,140.52119444444446,449969.704637908,7769034.790630526,0.0,G:\博士所有材料\电磁ai\第十六篇开创性工作天马行空\Geo-Buddy-Official\Experiment_Data_Full\334RR.edi
335,-20.1735,140.53983333333332,451916.72361452674,7769252.402669713,0.0,G:\博士所有材料\电磁ai\第十六篇开创性工作天马行空\Geo-Buddy-Official\Experiment_Data_Full\335.edi
336_R,-20.176361111111117,140.55994444444443,454019.0249275681,7768941.472117282,0.0,G:\博士所有材料\电磁ai\第十六篇开创性工作天马行空\Geo-Buddy-Official\Experiment_Data_Full\336_R.edi
337R,-20.175972222222224,140.5788611111111,455995.52776702255,7768989.632033367,0.0,G:\博士所有材料\电磁ai\第十六篇开创性工作天马行空\Geo-Buddy-Official\Experiment_Data_Full\337R.edi
338R,-20.17511111111111,140.60044444444443,458250.5529478252,7769090.497236686,0.0,G:\博士所有材料\电磁ai\第十六篇开创性工作天马行空\Geo-Buddy-Official\Experiment_Data_Full\338R.edi
339,-20.17730555555556,140.6201388888889,460308.99893680646,7768852.478620075,0.0,G:\博士所有材料\电磁ai\第十六篇开创性工作天马行空\Geo-Buddy-Official\Experiment_Data_Full\339.edi
340,-20.176111111111112,140.63575,461939.9031018292,7768988.314163295,0.0,G:\博士所有材料\电磁ai\第十六篇开创性工作天马行空\Geo-Buddy-Official\Experiment_Data_Full\340.edi
341,-20.176944444444445,140.6568611111111,464145.9921084104,7768900.791142717,0.0,G:\博士所有材料\电磁ai\第十六篇开创性工作天马行空\Geo-Buddy-Official\Experiment_Data_Full\341.edi
342,-20.17608333333333,140.67455555555554,465994.6839539605,7768999.805578261,0.0,G:\博士所有材料\电磁ai\第十六篇开创性工作天马行空\Geo-Buddy-Official\Experiment_Data_Full\342.edi
343,-20.17663888888889,140.69416666666666,468043.9550207061,7768942.219477462,0.0,G:\博士所有材料\电磁ai\第十六篇开创性工作天马行空\Geo-Buddy-Official\Experiment_Data_Full\343.edi
348,-20.1569175,140.40844722222224,438181.19260989234,7771044.075883675,0.0,G:\博士所有材料\电磁ai\第十六篇开创性工作天马行空\Geo-Buddy-Official\Experiment_Data_Full\348.edi
349,-20.1555825,140.42449944444442,439858.2242352754,7771197.702849157,0.0,G:\博士所有材料\电磁ai\第十六篇开创性工作天马行空\Geo-Buddy-Official\Experiment_Data_Full\349.edi
350_avg,-20.156066666666664,140.4451,442011.2841773764,7771151.440086618,0.0,G:\博士所有材料\电磁ai\第十六篇开创性工作天马行空\Geo-Buddy-Official\Experiment_Data_Full\350_avg.edi
351,-20.15758333333333,140.46961972222223,444574.2616577197,7770991.95991029,0.0,G:\博士所有材料\电磁ai\第十六篇开创性工作天马行空\Geo-Buddy-Official\Experiment_Data_Full\351.edi
352_avg,-20.156516944444444,140.4815063888889,445816.0990337748,7771113.890601056,0.0,G:\博士所有材料\电磁ai\第十六篇开创性工作天马行空\Geo-Buddy-Official\Experiment_Data_Full\352_avg.edi
353_R,-20.15761111111111,140.5025,448010.3903227839,7770999.50746617,0.0,G:\博士所有材料\电磁ai\第十六篇开创性工作天马行空\Geo-Buddy-Official\Experiment_Data_Full\353_R.edi
354,-20.15811111111111,140.52166666666668,450013.5357433933,7770950.05302325,0.0,G:\博士所有材料\电磁ai\第十六篇开创性工作天马行空\Geo-Buddy-Official\Experiment_Data_Full\354.edi
355_R,-20.15769444444444,140.54108333333332,452042.5097622165,7771001.882669406,0.0,G:\博士所有材料\电磁ai\第十六篇开创性工作天马行空\Geo-Buddy-Official\Experiment_Data_Full\355_R.edi
356,-20.15769444444444,140.5588888888889,453903.2462153589,7771006.919055205,0.0,G:\博士所有材料\电磁ai\第十六篇开创性工作天马行空\Geo-Buddy-Official\Experiment_Data_Full\356.edi
357R,-20.15775,140.5791111111111,456016.5433479037,7771006.249293151,0.0,G:\博士所有材料\电磁ai\第十六篇开创性工作天马行空\Geo-Buddy-Official\Experiment_Data_Full\357R.edi
358RR,-20.157722222222223,140.59761111111112,457949.8358271226,7771014.109855222,0.0,G:\博士所有材料\电磁ai\第十六篇开创性工作天马行空\Geo-Buddy-Official\Experiment_Data_Full\358RR.edi
359R,-20.157833333333333,140.61730555555556,460007.98338499584,7771006.673048098,0.0,G:\博士所有材料\电磁ai\第十六篇开创性工作天马行空\Geo-Buddy-Official\Experiment_Data_Full\359R.edi
360,-20.157916666666665,140.63625,461987.7410931675,7771001.895168753,0.0,G:\博士所有材料\电磁ai\第十六篇开创性工作天马行空\Geo-Buddy-Official\Experiment_Data_Full\360.edi
362R,-20.1575,140.67633333333333,466176.4382941775,7771056.664283629,0.0,G:\博士所有材料\电磁ai\第十六篇开创性工作天马行空\Geo-Buddy-Official\Experiment_Data_Full\362R.edi
363,-20.15886111111111,140.69408333333334,468031.6260321345,7770909.551305452,0.0,G:\博士所有材料\电磁ai\第十六篇开创性工作天马行空\Geo-Buddy-Official\Experiment_Data_Full\363.edi
368_avg,-20.139533333333333,140.406,437918.5741900186,7772967.007714471,0.0,G:\博士所有材料\电磁ai\第十六篇开创性工作天马行空\Geo-Buddy-Official\Experiment_Data_Full\368_avg.edi
369R,-20.141250555555555,140.43310555555556,440752.20938042185,7772786.851768197,0.0,G:\博士所有材料\电磁ai\第十六篇开创性工作天马行空\Geo-Buddy-Official\Experiment_Data_Full\369R.edi
370,-20.139233333333333,140.4443,441921.45633682783,7773014.03603681,0.0,G:\博士所有材料\电磁ai\第十六篇开创性工作天马行空\Geo-Buddy-Official\Experiment_Data_Full\370.edi
371R,-20.139016666666667,140.4659333333333,444182.4213354535,7773045.417153109,0.0,G:\博士所有材料\电磁ai\第十六篇开创性工作天马行空\Geo-Buddy-Official\Experiment_Data_Full\371R.edi
372,-20.139549166666665,140.48390194444443,446060.6197615703,7772992.413807273,0.0,G:\博士所有材料\电磁ai\第十六篇开创性工作天马行空\Geo-Buddy-Official\Experiment_Data_Full\372.edi
373,-20.139388888888888,140.50213888888888,447966.6169808149,7773015.958058786,0.0,G:\博士所有材料\电磁ai\第十六篇开创性工作天马行空\Geo-Buddy-Official\Experiment_Data_Full\373.edi
374R,-20.139611111111112,140.52191666666667,450033.7770075256,7772997.427482827,0.0,G:\博士所有材料\电磁ai\第十六篇开创性工作天马行空\Geo-Buddy-Official\Experiment_Data_Full\374R.edi
375,-20.13908333333333,140.54097222222222,452025.2145235213,7773061.441609837,0.0,G:\博士所有材料\电磁ai\第十六篇开创性工作天马行空\Geo-Buddy-Official\Experiment_Data_Full\375.edi
376,-20.13911111111111,140.5601388888889,454028.4367130674,7773063.777974227,0.0,G:\博士所有材料\电磁ai\第十六篇开创性工作天马行空\Geo-Buddy-Official\Experiment_Data_Full\376.edi
377,-20.140027777777775,140.57944444444445,456046.4188440928,7772967.552258122,0.0,G:\博士所有材料\电磁ai\第十六篇开创性工作天马行空\Geo-Buddy-Official\Experiment_Data_Full\377.edi
378,-20.138972222222225,140.59780555555557,457965.13863438944,7773089.108209588,0.0,G:\博士所有材料\电磁ai\第十六篇开创性工作天马行空\Geo-Buddy-Official\Experiment_Data_Full\378.edi
379 QC,-20.139222222222223,140.61575,459840.6663237817,7773065.873950773,0.0,G:\博士所有材料\电磁ai\第十六篇开创性工作天马行空\Geo-Buddy-Official\Experiment_Data_Full\379 QC.edi
379,-20.13925,140.61569444444444,459834.8670473721,7773062.786551872,0.0,G:\博士所有材料\电磁ai\第十六篇开创性工作天马行空\Geo-Buddy-Official\Experiment_Data_Full\379.edi
380,-20.139916666666664,140.6363611111111,461994.9976102246,7772993.86503738,0.0,G:\博士所有材料\电磁ai\第十六篇开创性工作天马行空\Geo-Buddy-Official\Experiment_Data_Full\380.edi
381,-20.139222222222223,140.65516666666667,463960.282692,7773074.898540108,0.0,G:\博士所有材料\电磁ai\第十六篇开创性工作天马行空\Geo-Buddy-Official\Experiment_Data_Full\381.edi
382,-20.14058333333333,140.67274999999998,465798.2892968318,7772927.984721598,0.0,G:\博士所有材料\电磁ai\第十六篇开创性工作天马行空\Geo-Buddy-Official\Experiment_Data_Full\382.edi
383,-20.143555555555555,140.6943611111111,468057.5414486679,7772603.365039589,0.0,G:\博士所有材料\电磁ai\第十六篇开创性工作天马行空\Geo-Buddy-Official\Experiment_Data_Full\383.edi
384,-20.143083333333333,140.7098611111111,469677.3732500389,7772658.522927312,0.0,G:\博士所有材料\电磁ai\第十六篇开创性工作天马行空\Geo-Buddy-Official\Experiment_Data_Full\384.edi
389,-20.117683333333336,140.40665,437977.8925815126,7775385.306012133,0.0,G:\博士所有材料\电磁ai\第十六篇开创性工作天马行空\Geo-Buddy-Official\Experiment_Data_Full\389.edi
390_avg,-20.122316666666663,140.42626666666666,440030.21718285815,7774879.7380253,0.0,G:\博士所有材料\电磁ai\第十六篇开创性工作天马行空\Geo-Buddy-Official\Experiment_Data_Full\390_avg.edi
391,-20.12193333333333,140.44551666666666,442042.2415796757,7774928.975474818,0.0,G:\博士所有材料\电磁ai\第十六篇开创性工作天马行空\Geo-Buddy-Official\Experiment_Data_Full\391.edi
392,-20.12301666666667,140.4632333333333,443894.5172900545,7774815.155219097,0.0,G:\博士所有材料\电磁ai\第十六篇开创性工作天马行空\Geo-Buddy-Official\Experiment_Data_Full\392.edi
393,-20.12120055555556,140.48349,446011.2649982978,7775022.83096403,0.0,G:\博士所有材料\电磁ai\第十六篇开创性工作天马行空\Geo-Buddy-Official\Experiment_Data_Full\393.edi
394,-20.12136638888889,140.50238027777775,447985.8842794781,7775010.49067829,0.0,G:\博士所有材料\电磁ai\第十六篇开创性工作天马行空\Geo-Buddy-Official\Experiment_Data_Full\394.edi
395R,-20.12175,140.52141666666668,449975.8369374079,7774973.870115465,0.0,G:\博士所有材料\电磁ai\第十六篇开创性工作天马行空\Geo-Buddy-Official\Experiment_Data_Full\395R.edi
396,-20.12152777777778,140.5402222222222,451941.4622685842,7775003.999777684,0.0,G:\博士所有材料\电磁ai\第十六篇开创性工作天马行空\Geo-Buddy-Official\Experiment_Data_Full\396.edi
397,-20.12133333333333,140.55977777777778,453985.49272933765,7775031.040754201,0.0,G:\博士所有材料\电磁ai\第十六篇开创性工作天马行空\Geo-Buddy-Official\Experiment_Data_Full\397.edi
398RR,-20.12327777777778,140.57880555555556,455974.9556404628,7774821.004546628,0.0,G:\博士所有材料\电磁ai\第十六篇开创性工作天马行空\Geo-Buddy-Official\Experiment_Data_Full\398RR.edi
399RRR,-20.121916666666667,140.59822222222223,458004.13146539166,7774976.644779708,0.0,G:\博士所有材料\电磁ai\第十六篇开创性工作天马行空\Geo-Buddy-Official\Experiment_Data_Full\399RRR.edi
400,-20.121472222222224,140.61791666666667,460062.6067633911,7775030.672979072,0.0,G:\博士所有材料\电磁ai\第十六篇开创性工作天马行空\Geo-Buddy-Official\Experiment_Data_Full\400.edi
401,-20.12138888888889,140.63569444444445,461920.8347093146,7775044.05877093,0.0,G:\博士所有材料\电磁ai\第十六篇开创性工作天马行空\Geo-Buddy-Official\Experiment_Data_Full\401.edi
402,-20.12172222222222,140.65594444444446,464037.5693545822,7775011.672300313,0.0,G:\博士所有材料\电磁ai\第十六篇开创性工作天马行空\Geo-Buddy-Official\Experiment_Data_Full\402.edi
403R_avg,-20.121783333333333,140.67468333333332,465996.2828584452,7775008.845669473,0.0,G:\博士所有材料\电磁ai\第十六篇开创性工作天马行空\Geo-Buddy-Official\Experiment_Data_Full\403R_avg.edi
404,-20.12185,140.69391666666667,468006.6753034135,7775005.278933143,0.0,G:\博士所有材料\电磁ai\第十六篇开创性工作天马行空\Geo-Buddy-Official\Experiment_Data_Full\404.edi
405_avg,-20.12195,140.713,470001.3908106447,7774997.764279171,0.0,G:\博士所有材料\电磁ai\第十六篇开创性工作天马行空\Geo-Buddy-Official\Experiment_Data_Full\405_avg.edi
410,-20.104566666666667,140.40678333333335,437986.6623576735,7776836.924108759,0.0,G:\博士所有材料\电磁ai\第十六篇开创性工作天马行空\Geo-Buddy-Official\Experiment_Data_Full\410.edi
411,-20.10585,140.42675,440074.4690452755,7776702.207045142,0.0,G:\博士所有材料\电磁ai\第十六篇开创性工作天马行空\Geo-Buddy-Official\Experiment_Data_Full\411.edi
412,-20.10486666666667,140.446,442086.48343148927,7776817.833122661,0.0,G:\博士所有材料\电磁ai\第十六篇开创性工作天马行空\Geo-Buddy-Official\Experiment_Data_Full\412.edi
413,-20.105400000000003,140.46575,444151.3258852041,7776765.551870818,0.0,G:\博士所有材料\电磁ai\第十六篇开创性工作天马行空\Geo-Buddy-Official\Experiment_Data_Full\413.edi
414_avg,-20.104049722222225,140.4854736111111,446212.7471304056,7776921.467064877,0.0,G:\博士所有材料\电磁ai\第十六篇开创性工作天马行空\Geo-Buddy-Official\Experiment_Data_Full\414_avg.edi
415R,-20.102500000000003,140.50171666666665,447910.2747885307,7777098.1251061885,0.0,G:\博士所有材料\电磁ai\第十六篇开创性工作天马行空\Geo-Buddy-Official\Experiment_Data_Full\415R.edi
416,-20.103416666666668,140.52172222222222,450001.9520582332,7777002.808800308,0.0,G:\博士所有材料\电磁ai\第十六篇开创性工作天马行空\Geo-Buddy-Official\Experiment_Data_Full\416.edi
417_avg,-20.104566666666667,140.54045,451960.094247417,7776881.052543244,0.0,G:\博士所有材料\电磁ai\第十六篇开创性工作天马行空\Geo-Buddy-Official\Experiment_Data_Full\417_avg.edi
418,-20.103694444444447,140.55997222222223,454000.6624363404,7776983.083093401,0.0,G:\博士所有材料\电磁ai\第十六篇开创性工作天马行空\Geo-Buddy-Official\Experiment_Data_Full\418.edi
419RRR,-20.10366666666667,140.57894444444443,455983.9885679,7776991.279816417,0.0,G:\博士所有材料\电磁ai\第十六篇开创性工作天马行空\Geo-Buddy-Official\Experiment_Data_Full\419RRR.edi
421,-20.10333333333333,140.6171388888889,459976.6959632496,7777037.795789901,0.0,G:\博士所有材料\电磁ai\第十六篇开创性工作天马行空\Geo-Buddy-Official\Experiment_Data_Full\421.edi
422,-20.103694444444447,140.63655555555556,462006.57238188345,7777002.377943076,0.0,G:\博士所有材料\电磁ai\第十六篇开创性工作天马行空\Geo-Buddy-Official\Experiment_Data_Full\422.edi
423,-20.10366666666667,140.65566666666666,464004.405141064,7777009.693372417,0.0,G:\博士所有材料\电磁ai\第十六篇开创性工作天马行空\Geo-Buddy-Official\Experiment_Data_Full\423.edi
424,-20.104361111111118,140.67433333333332,465955.9303888234,7776936.765971275,0.0,G:\博士所有材料\电磁ai\第十六篇开创性工作天马行空\Geo-Buddy-Official\Experiment_Data_Full\424.edi
425,-20.10393333333333,140.69396666666668,468008.2598868968,7776987.994021402,0.0,G:\博士所有材料\电磁ai\第十六篇开创性工作天马行空\Geo-Buddy-Official\Experiment_Data_Full\425.edi
426,-20.10408333333333,140.7127833333333,469975.33537073,7776974.895034095,0.0,G:\博士所有材料\电磁ai\第十六篇开创性工作天马行空\Geo-Buddy-Official\Experiment_Data_Full\426.edi
427,-20.103816666666667,140.73206666666667,471991.1144732125,7777007.761779553,0.0,G:\博士所有材料\电磁ai\第十六篇开创性工作天马行空\Geo-Buddy-Official\Experiment_Data_Full\427.edi
432,-20.08548333333333,140.40745,438048.8515646086,7778949.043332454,0.0,G:\博士所有材料\电磁ai\第十六篇开创性工作天马行空\Geo-Buddy-Official\Experiment_Data_Full\432.edi
433,-20.086066666666664,140.42579999999998,439967.6178783042,7778891.197268195,0.0,G:\博士所有材料\电磁ai\第十六篇开创性工作天马行空\Geo-Buddy-Official\Experiment_Data_Full\433.edi
434,-20.084366666666664,140.44505,441979.6212113092,7779086.138973932,0.0,G:\博士所有材料\电磁ai\第十六篇开创性工作天马行空\Geo-Buddy-Official\Experiment_Data_Full\434.edi
435,-20.087316666666663,140.467,444275.6027847503,7778767.160397734,0.0,G:\博士所有材料\电磁ai\第十六篇开创性工作天马行空\Geo-Buddy-Official\Experiment_Data_Full\435.edi
436 (Remote),-20.085305555555557,140.4835,446000.00195696094,7778995.145585954,0.0,G:\博士所有材料\电磁ai\第十六篇开创性工作天马行空\Geo-Buddy-Official\Experiment_Data_Full\436 (Remote).edi
437,-20.08608333333333,140.5022,447955.3795558454,7778915.016596463,0.0,G:\博士所有材料\电磁ai\第十六篇开创性工作天马行空\Geo-Buddy-Official\Experiment_Data_Full\437.edi
438,-20.08597222222222,140.52291666666667,450121.29586118506,7778933.6410832675,0.0,G:\博士所有材料\电磁ai\第十六篇开创性工作天马行空\Geo-Buddy-Official\Experiment_Data_Full\438.edi
439,-20.085638888888887,140.54077777777778,451988.5914355279,7778975.769239779,0.0,G:\博士所有材料\电磁ai\第十六篇开创性工作天马行空\Geo-Buddy-Official\Experiment_Data_Full\439.edi
440,-20.08569444444444,140.55983333333336,453980.8853946313,7778974.991393348,0.0,G:\博士所有材料\电磁ai\第十六篇开创性工作天马行空\Geo-Buddy-Official\Experiment_Data_Full\440.edi
441,-20.085416666666667,140.57922222222223,456007.9312095511,7779010.96171822,0.0,G:\博士所有材料\电磁ai\第十六篇开创性工作天马行空\Geo-Buddy-Official\Experiment_Data_Full\441.edi
442R,-20.08572222222222,140.59697222222223,457863.789005146,7778981.729721294,0.0,G:\博士所有材料\电磁ai\第十六篇开创性工作天马行空\Geo-Buddy-Official\Experiment_Data_Full\442R.edi
443,-20.085666666666665,140.6176388888889,460024.4826621475,7778992.963564298,0.0,G:\博士所有材料\电磁ai\第十六篇开创性工作天马行空\Geo-Buddy-Official\Experiment_Data_Full\443.edi
444,-20.08558333333333,140.6363611111111,461981.8751430541,7779006.561756793,0.0,G:\博士所有材料\电磁ai\第十六篇开创性工作天马行空\Geo-Buddy-Official\Experiment_Data_Full\444.edi
445,-20.085638888888887,140.65566666666666,464000.2858437975,7779004.696417814,0.0,G:\博士所有材料\电磁ai\第十六篇开创性工作天马行空\Geo-Buddy-Official\Experiment_Data_Full\445.edi
446,-20.08580555555556,140.6728611111111,465797.99982987967,7778989.870297017,0.0,G:\博士所有材料\电磁ai\第十六篇开创性工作天马行空\Geo-Buddy-Official\Experiment_Data_Full\446.edi
447R,-20.08063333333333,140.69133333333335,467728.2057008051,7779565.920250893,0.0,G:\博士所有材料\电磁ai\第十六篇开创性工作天马行空\Geo-Buddy-Official\Experiment_Data_Full\447R.edi
448,-20.08608333333333,140.71473333333333,470175.7756537356,7778967.165585976,0.0,G:\博士所有材料\电磁ai\第十六篇开创性工作天马行空\Geo-Buddy-Official\Experiment_Data_Full\448.edi
449,-20.0857,140.7321,471991.3783494019,7779012.596145758,0.0,G:\博士所有材料\电磁ai\第十六篇开创性工作天马行空\Geo-Buddy-Official\Experiment_Data_Full\449.edi
454_avg,-20.06683333333333,140.40693333333334,437987.4988559049,7781012.763341017,0.0,G:\博士所有材料\电磁ai\第十六篇开创性工作天马行空\Geo-Buddy-Official\Experiment_Data_Full\454_avg.edi
455,-20.06505,140.42751666666666,440139.1220745338,7781217.627755068,0.0,G:\博士所有材料\电磁ai\第十六篇开创性工作天马行空\Geo-Buddy-Official\Experiment_Data_Full\455.edi
456RR,-20.067194444444443,140.44558333333333,442029.07055048936,7780986.687309392,0.0,G:\博士所有材料\电磁ai\第十六篇开创性工作天马行空\Geo-Buddy-Official\Experiment_Data_Full\456RR.edi
457,-20.066944444444445,140.46538888888887,444099.9380923956,7781021.106793709,0.0,G:\博士所有材料\电磁ai\第十六篇开创性工作天马行空\Geo-Buddy-Official\Experiment_Data_Full\457.edi
458,-20.067166666666665,140.48408333333333,446054.78589918587,7781002.663758223,0.0,G:\博士所有材料\电磁ai\第十六篇开创性工作天马行空\Geo-Buddy-Official\Experiment_Data_Full\458.edi
459_Parallel,-20.0672,140.5027,448001.4287942724,7781004.880949821,0.0,G:\博士所有材料\电磁ai\第十六篇开创性工作天马行空\Geo-Buddy-Official\Experiment_Data_Full\459_Parallel.edi
460,-20.06730555555556,140.52155555555558,449973.0686118243,7780998.960305875,0.0,G:\博士所有材料\电磁ai\第十六篇开创性工作天马行空\Geo-Buddy-Official\Experiment_Data_Full\460.edi
461,-20.067416666666663,140.5408888888889,451994.6612899976,7780992.339686286,0.0,G:\博士所有材料\电磁ai\第十六篇开创性工作天马行空\Geo-Buddy-Official\Experiment_Data_Full\461.edi
462,-20.06736111111111,140.5598888888889,453981.3439929469,7781003.837094563,0.0,G:\博士所有材料\电磁ai\第十六篇开创性工作天马行空\Geo-Buddy-Official\Experiment_Data_Full\462.edi
463,-20.067611111111116,140.57913888888888,455994.2501424937,7780981.360565577,0.0,G:\博士所有材料\电磁ai\第十六篇开创性工作天马行空\Geo-Buddy-Official\Experiment_Data_Full\463.edi
464,-20.067416666666663,140.59861111111113,458030.2639272062,7781007.89147514,0.0,G:\博士所有材料\电磁ai\第十六篇开创性工作天马行空\Geo-Buddy-Official\Experiment_Data_Full\464.edi
465,-20.066194444444445,140.61766666666668,460022.45085996256,7781147.821852752,0.0,G:\博士所有材料\电磁ai\第十六篇开创性工作天马行空\Geo-Buddy-Official\Experiment_Data_Full\465.edi
466,-20.06758333333333,140.6364722222222,461989.1533492896,7780998.515268409,0.0,G:\博士所有材料\电磁ai\第十六篇开创性工作天马行空\Geo-Buddy-Official\Experiment_Data_Full\466.edi
467R,-20.067611111111116,140.65566666666666,463996.17009791743,7780999.695408644,0.0,G:\博士所有材料\电磁ai\第十六篇开创性工作天马行空\Geo-Buddy-Official\Experiment_Data_Full\467R.edi
468,-20.067694444444445,140.67427777777775,465942.20065451646,7780994.378061464,0.0,G:\博士所有材料\电磁ai\第十六篇开创性工作天马行空\Geo-Buddy-Official\Experiment_Data_Full\468.edi
469,-20.067611111111116,140.6938888888889,467992.754112466,7781007.479509173,0.0,G:\博士所有材料\电磁ai\第十六篇开创性工作天马行空\Geo-Buddy-Official\Experiment_Data_Full\469.edi
470_avg,-20.06755,140.71313333333333,470004.9718378784,7781017.815110706,0.0,G:\博士所有材料\电磁ai\第十六篇开创性工作天马行空\Geo-Buddy-Official\Experiment_Data_Full\470_avg.edi
471,-20.06768333333333,140.73178333333334,471955.06710534217,7781006.301477824,0.0,G:\博士所有材料\电磁ai\第十六篇开创性工作天马行空\Geo-Buddy-Official\Experiment_Data_Full\471.edi
472,-20.0669,140.75141666666667,474007.8242090895,7781096.163283677,0.0,G:\博士所有材料\电磁ai\第十六篇开创性工作天马行空\Geo-Buddy-Official\Experiment_Data_Full\472.edi
478,-20.048816666666667,140.42578333333333,439951.6991797825,7783013.467252842,0.0,G:\博士所有材料\电磁ai\第十六篇开创性工作天马行空\Geo-Buddy-Official\Experiment_Data_Full\478.edi
479,-20.04873333333333,140.44461666666666,441921.1993295898,7783029.345347194,0.0,G:\博士所有材料\电磁ai\第十六篇开创性工作天马行空\Geo-Buddy-Official\Experiment_Data_Full\479.edi
480,-20.045583333333337,140.46897222222222,444467.11343164695,7783386.216273654,0.0,G:\博士所有材料\电磁ai\第十六篇开创性工作天马行空\Geo-Buddy-Official\Experiment_Data_Full\480.edi
481,-20.04808333333333,140.48338888888887,445975.64120361576,7783114.280875979,0.0,G:\博士所有材料\电磁ai\第十六篇开创性工作天马行空\Geo-Buddy-Official\Experiment_Data_Full\481.edi
482,-20.04808333333333,140.50280555555557,448006.16981587023,7783120.439368375,0.0,G:\博士所有材料\电磁ai\第十六篇开创性工作天马行空\Geo-Buddy-Official\Experiment_Data_Full\482.edi
483,-20.047194444444447,140.52180555555557,449992.8389587135,7783224.604938449,0.0,G:\博士所有材料\电磁ai\第十六篇开创性工作天马行空\Geo-Buddy-Official\Experiment_Data_Full\483.edi
484,-20.049472222222224,140.5413888888889,452041.4911841205,7782978.277775299,0.0,G:\博士所有材料\电磁ai\第十六篇开创性工作天马行空\Geo-Buddy-Official\Experiment_Data_Full\484.edi
485,-20.0495,140.56005555555558,453993.5656660448,7782980.451590219,0.0,G:\博士所有材料\电磁ai\第十六篇开创性工作天马行空\Geo-Buddy-Official\Experiment_Data_Full\485.edi
486,-20.049472222222224,140.57966666666667,456044.3851789882,7782988.803988317,0.0,G:\博士所有材料\电磁ai\第十六篇开创性工作天马行空\Geo-Buddy-Official\Experiment_Data_Full\486.edi
487,-20.050666666666668,140.5966388888889,457819.5673897333,7782860.997365999,0.0,G:\博士所有材料\电磁ai\第十六篇开创性工作天马行空\Geo-Buddy-Official\Experiment_Data_Full\487.edi
488,-20.04925,140.61744444444446,459994.9206213426,7783022.885367053,0.0,G:\博士所有材料\电磁ai\第十六篇开创性工作天马行空\Geo-Buddy-Official\Experiment_Data_Full\488.edi
489,-20.04963888888889,140.63658333333333,461996.4513137383,7782984.316789384,0.0,G:\博士所有材料\电磁ai\第十六篇开创性工作天马行空\Geo-Buddy-Official\Experiment_Data_Full\489.edi
490,-20.049333333333333,140.65550000000002,463974.5718936772,7783022.319970323,0.0,G:\博士所有材料\电磁ai\第十六篇开创性工作天马行空\Geo-Buddy-Official\Experiment_Data_Full\490.edi
491,-20.04555555555556,140.6756111111111,466076.8593131837,7783444.584941508,0.0,G:\博士所有材料\电磁ai\第十六篇开创性工作天马行空\Geo-Buddy-Official\Experiment_Data_Full\491.edi
492R,-20.04508333333333,140.69147222222222,467735.4596621817,7783499.982159426,0.0,G:\博士所有材料\电磁ai\第十六篇开创性工作天马行空\Geo-Buddy-Official\Experiment_Data_Full\492R.edi
493R,-20.049650000000003,140.71349999999998,470039.913826935,7782998.727219412,0.0,G:\博士所有材料\电磁ai\第十六篇开创性工作天马行空\Geo-Buddy-Official\Experiment_Data_Full\493R.edi
494,-20.05045,140.73246666666668,472023.4630923785,7782913.485601085,0.0,G:\博士所有材料\电磁ai\第十六篇开创性工作天马行空\Geo-Buddy-Official\Experiment_Data_Full\494.edi
495,-20.049883333333334,140.75168333333335,474032.9082052434,7782979.295240858,0.0,G:\博士所有材料\电磁ai\第十六篇开创性工作天马行空\Geo-Buddy-Official\Experiment_Data_Full\495.edi
501,-20.03111111111111,140.42652777777778,440022.830357258,7784973.115902496,0.0,G:\博士所有材料\电磁ai\第十六篇开创性工作天马行空\Geo-Buddy-Official\Experiment_Data_Full\501.edi
501QC_R,-20.03115,140.42641666666665,440011.2241485619,7784968.772430226,0.0,G:\博士所有材料\电磁ai\第十六篇开创性工作天马行空\Geo-Buddy-Official\Experiment_Data_Full\501QC_R.edi
502,-20.031027777777776,140.44538888888889,441995.45635595097,7784988.989951801,0.0,G:\博士所有材料\电磁ai\第十六篇开创性工作天马行空\Geo-Buddy-Official\Experiment_Data_Full\502.edi
503,-20.030277777777776,140.46538888888887,444086.9582352912,7785078.798665933,0.0,G:\博士所有材料\电磁ai\第十六篇开创性工作天马行空\Geo-Buddy-Official\Experiment_Data_Full\503.edi
504R,-20.030666666666665,140.4838611111111,446019.07490576553,7785041.830708481,0.0,G:\博士所有材料\电磁ai\第十六篇开创性工作天马行空\Geo-Buddy-Official\Experiment_Data_Full\504R.edi
505,-20.031222222222222,140.50280555555557,448000.6212248441,7784986.352503055,0.0,G:\博士所有材料\电磁ai\第十六篇开创性工作天马行空\Geo-Buddy-Official\Experiment_Data_Full\505.edi
506,-20.032638888888886,140.52211111111112,450020.189046988,7784835.464620931,0.0,G:\博士所有材料\电磁ai\第十六篇开创性工作天马行空\Geo-Buddy-Official\Experiment_Data_Full\506.edi
507,-20.031,140.54280555555556,452184.04938214784,7785022.879338222,0.0,G:\博士所有材料\电磁ai\第十六篇开创性工作天马行空\Geo-Buddy-Official\Experiment_Data_Full\507.edi
508,-20.03186111111111,140.56047222222224,454032.0070287743,7784932.539003607,0.0,G:\博士所有材料\电磁ai\第十六篇开创性工作天马行空\Geo-Buddy-Official\Experiment_Data_Full\508.edi
509,-20.031388888888888,140.57938888888887,456010.302359046,7784989.883355479,0.0,G:\博士所有材料\电磁ai\第十六篇开创性工作天马行空\Geo-Buddy-Official\Experiment_Data_Full\509.edi
510,-20.031944444444445,140.59761111111112,457916.2497265178,7784933.092717485,0.0,G:\博士所有材料\电磁ai\第十六篇开创性工作天马行空\Geo-Buddy-Official\Experiment_Data_Full\510.edi
511,-20.031277777777778,140.61758333333333,460004.89589274855,7785011.7679971475,0.0,G:\博士所有材料\电磁ai\第十六篇开创性工作天马行空\Geo-Buddy-Official\Experiment_Data_Full\511.edi
512,-20.03136111111111,140.6363888888889,461971.7186440815,7785006.932187466,0.0,G:\博士所有材料\电磁ai\第十六篇开创性工作天马行空\Geo-Buddy-Official\Experiment_Data_Full\512.edi
513,-20.03155555555556,140.65605555555555,464028.6215254702,7784989.764919023,0.0,G:\博士所有材料\电磁ai\第十六篇开创性工作天马行空\Geo-Buddy-Official\Experiment_Data_Full\513.edi
514,-20.031444444444443,140.67469444444444,465977.95963297103,7785005.960464722,0.0,G:\博士所有材料\电磁ai\第十六篇开创性工作天马行空\Geo-Buddy-Official\Experiment_Data_Full\514.edi
515,-20.031366388888888,140.69448861111113,468048.1298812441,7785018.501865169,0.0,G:\博士所有材料\电磁ai\第十六篇开创性工作天马行空\Geo-Buddy-Official\Experiment_Data_Full\515.edi
516,-20.031549444444444,140.71325694444442,470011.0614262796,7785001.71972204,0.0,G:\博士所有材料\电磁ai\第十六篇开创性工作天马行空\Geo-Buddy-Official\Experiment_Data_Full\516.edi
517,-20.03158388888889,140.73335277777775,472112.79648542416,7785001.384754103,0.0,G:\博士所有材料\电磁ai\第十六篇开创性工作天马行空\Geo-Buddy-Official\Experiment_Data_Full\517.edi
518,-20.03160083333333,140.7514647222222,474007.03993417096,7785002.426789457,0.0,G:\博士所有材料\电磁ai\第十六篇开创性工作天马行空\Geo-Buddy-Official\Experiment_Data_Full\518.edi
524R,-20.01286111111111,140.4263611111111,439998.47563546174,7786992.68427588,0.0,G:\博士所有材料\电磁ai\第十六篇开创性工作天马行空\Geo-Buddy-Official\Experiment_Data_Full\524R.edi
525,-20.01311111111111,140.4450277777778,441951.1126472257,7786971.599757835,0.0,G:\博士所有材料\电磁ai\第十六篇开创性工作天马行空\Geo-Buddy-Official\Experiment_Data_Full\525.edi
526,-20.013444444444445,140.46641666666665,444188.51234158897,7786941.985521469,0.0,G:\博士所有材料\电磁ai\第十六篇开创性工作天马行空\Geo-Buddy-Official\Experiment_Data_Full\526.edi
527,-20.012194444444443,140.48375,446001.1477361521,7787085.999977868,0.0,G:\博士所有材料\电磁ai\第十六篇开创性工作天马行空\Geo-Buddy-Official\Experiment_Data_Full\527.edi
528,-20.01325,140.5028888888889,448003.4285598146,7786975.247321604,0.0,G:\博士所有材料\电磁ai\第十六篇开创性工作天马行空\Geo-Buddy-Official\Experiment_Data_Full\528.edi
529,-20.01305555555556,140.5220277777778,450005.2832685961,7787002.595216153,0.0,G:\博士所有材料\电磁ai\第十六篇开创性工作天马行空\Geo-Buddy-Official\Experiment_Data_Full\529.edi
530,-20.013444444444445,140.5408888888889,451978.26026237593,7786965.081112606,0.0,G:\博士所有材料\电磁ai\第十六篇开创性工作天马行空\Geo-Buddy-Official\Experiment_Data_Full\530.edi
531,-20.01338888888889,140.56044444444444,454023.732232039,7786976.719181644,0.0,G:\博士所有材料\电磁ai\第十六篇开创性工作天马行空\Geo-Buddy-Official\Experiment_Data_Full\531.edi
532R,-20.013194444444444,140.57930555555555,455996.5249777298,7787003.305672566,0.0,G:\博士所有材料\电磁ai\第十六篇开创性工作天马行空\Geo-Buddy-Official\Experiment_Data_Full\532R.edi
533,-20.013194444444444,140.59822222222223,457975.1815711479,7787008.166083485,0.0,G:\博士所有材料\电磁ai\第十六篇开创性工作天马行空\Geo-Buddy-Official\Experiment_Data_Full\533.edi
534,-20.013166666666667,140.61758333333333,460000.3157474638,7787015.983101761,0.0,G:\博士所有材料\电磁ai\第十六篇开创性工作天马行空\Geo-Buddy-Official\Experiment_Data_Full\534.edi
535,-20.013305555555554,140.63827777777777,462164.9511751297,7787005.424132749,0.0,G:\博士所有材料\电磁ai\第十六篇开创性工作天马行空\Geo-Buddy-Official\Experiment_Data_Full\535.edi
536,-20.013416666666668,140.65722222222223,464146.5265895526,7786997.297732048,0.0,G:\博士所有材料\电磁ai\第十六篇开创性工作天马行空\Geo-Buddy-Official\Experiment_Data_Full\536.edi
537,-20.013416666666668,140.6749722222222,466003.1363271519,7787001.00073464,0.0,G:\博士所有材料\电磁ai\第十六篇开创性工作天马行空\Geo-Buddy-Official\Experiment_Data_Full\537.edi
538,-20.01361111111111,140.6939722222222,467990.5297792468,7786983.228878724,0.0,G:\博士所有材料\电磁ai\第十六篇开创性工作天马行空\Geo-Buddy-Official\Experiment_Data_Full\538.edi
539,-20.014017222222225,140.71302805555555,469983.7957913448,7786941.818234768,0.0,G:\博士所有材料\电磁ai\第十六篇开创性工作天马行空\Geo-Buddy-Official\Experiment_Data_Full\539.edi
540,-20.01121722222222,140.7321777777778,471986.3019002328,7787254.98830566,0.0,G:\博士所有材料\电磁ai\第十六篇开创性工作天马行空\Geo-Buddy-Official\Experiment_Data_Full\540.edi
541,-20.0126,140.7493438888889,473782.0828921907,7787104.748897526,0.0,G:\博士所有材料\电磁ai\第十六篇开创性工作天马行空\Geo-Buddy-Official\Experiment_Data_Full\541.edi
547,-19.994416666666663,140.4263611111111,439991.48476288986,7789033.826347705,0.0,G:\博士所有材料\电磁ai\第十六篇开创性工作天马行空\Geo-Buddy-Official\Experiment_Data_Full\547.edi
548,-19.994694444444445,140.44558333333333,442002.4774578629,7789009.855233622,0.0,G:\博士所有材料\电磁ai\第十六篇开创性工作天马行空\Geo-Buddy-Official\Experiment_Data_Full\548.edi
549,-19.994805555555555,140.46488888888888,444022.116834362,7789004.125341495,0.0,G:\博士所有材料\电磁ai\第十六篇开创性工作天马行空\Geo-Buddy-Official\Experiment_Data_Full\549.edi
550,-19.994694444444445,140.4837222222222,445992.2726586832,7789022.602514926,0.0,G:\博士所有材料\电磁ai\第十六篇开创性工作天马行空\Geo-Buddy-Official\Experiment_Data_Full\550.edi
551,-19.994972222222223,140.50258333333332,447965.4603863263,7788997.831114605,0.0,G:\博士所有材料\电磁ai\第十六篇开创性工作天马行空\Geo-Buddy-Official\Experiment_Data_Full\551.edi
552,-19.995083333333334,140.52191666666667,449987.98394139146,7788991.42256435,0.0,G:\博士所有材料\电磁ai\第十六篇开创性工作天马行空\Geo-Buddy-Official\Experiment_Data_Full\552.edi
553,-19.995083333333334,140.54108333333332,451993.0314245399,7788997.028792184,0.0,G:\博士所有材料\电磁ai\第十六篇开创性工作天马行空\Geo-Buddy-Official\Experiment_Data_Full\553.edi
554,-19.99511111111111,140.56025000000002,453998.082830945,7788999.33168719,0.0,G:\博士所有材料\电磁ai\第十六篇开创性工作天马行空\Geo-Buddy-Official\Experiment_Data_Full\554.edi
555R,-19.99511111111111,140.57930555555555,455991.4984435479,7789004.449992853,0.0,G:\博士所有材料\电磁ai\第十六篇开创性工作天马行空\Geo-Buddy-Official\Experiment_Data_Full\555R.edi
556,-19.995361111111112,140.59869444444445,458019.8467067884,7788981.759618659,0.0,G:\博士所有材料\电磁ai\第十六篇开创性工作天马行空\Geo-Buddy-Official\Experiment_Data_Full\556.edi
557R,-19.995972222222225,140.61494444444443,459719.9177357149,7788918.121865705,0.0,G:\博士所有材料\电磁ai\第十六篇开创性工作天马行空\Geo-Buddy-Official\Experiment_Data_Full\557R.edi
558,-19.994972222222223,140.6448611111111,462849.2528877556,7789035.696220064,0.0,G:\博士所有材料\电磁ai\第十六篇开创性工作天马行空\Geo-Buddy-Official\Experiment_Data_Full\558.edi
559,-19.9955,140.65597222222223,464011.70669745066,7788979.716545261,0.0,G:\博士所有材料\电磁ai\第十六篇开创性工作天马行空\Geo-Buddy-Official\Experiment_Data_Full\559.edi
560,-19.99527777777778,140.67566666666664,466071.8865146842,7789008.416953993,0.0,G:\博士所有材料\电磁ai\第十六篇开创性工作天马行空\Geo-Buddy-Official\Experiment_Data_Full\560.edi
561,-19.995416666666667,140.69422222222224,468013.0031915632,7788996.697136038,0.0,G:\博士所有材料\电磁ai\第十六篇开创性工作天马行空\Geo-Buddy-Official\Experiment_Data_Full\561.edi
562,-19.995800000000003,140.71373333333332,470054.119968946,7788957.8829844,0.0,G:\博士所有材料\电磁ai\第十六篇开创性工作天马行空\Geo-Buddy-Official\Experiment_Data_Full\562.edi
563R,-19.994600277777774,140.73417666666666,472192.4647494693,7789094.168549194,0.0,G:\博士所有材料\电磁ai\第十六篇开创性工作天马行空\Geo-Buddy-Official\Experiment_Data_Full\563R.edi
564,-19.995483333333333,140.7513886111111,473993.1444880814,7788999.212854482,0.0,G:\博士所有材料\电磁ai\第十六篇开创性工作天马行空\Geo-Buddy-Official\Experiment_Data_Full\564.edi
565,-19.99631666666667,140.7716166666667,476109.3050325149,7788910.007583437,0.0,G:\博士所有材料\电磁ai\第十六篇开创性工作天马行空\Geo-Buddy-Official\Experiment_Data_Full\565.edi
571,-19.97663888888889,140.42652777777778,440002.1898865926,7791001.247861078,0.0,G:\博士所有材料\电磁ai\第十六篇开创性工作天马行空\Geo-Buddy-Official\Experiment_Data_Full\571.edi
572,-19.97672222222222,140.44566666666668,442004.6182324296,7790998.758923452,0.0,G:\博士所有材料\电磁ai\第十六篇开创性工作天马行空\Geo-Buddy-Official\Experiment_Data_Full\572.edi
573,-19.97675,140.46441666666666,443966.3327073708,7791002.059557393,0.0,G:\博士所有材料\电磁ai\第十六篇开创性工作天马行空\Geo-Buddy-Official\Experiment_Data_Full\573.edi
574,-19.977805555555555,140.48302777777778,445913.86139426375,7790891.358885308,0.0,G:\博士所有材料\电磁ai\第十六篇开创性工作天马行空\Geo-Buddy-Official\Experiment_Data_Full\574.edi
575,-19.97694444444444,140.50269444444444,447971.1653406562,7790992.874448141,0.0,G:\博士所有材料\电磁ai\第十六篇开创性工作天马行空\Geo-Buddy-Official\Experiment_Data_Full\575.edi
576,-19.976916666666664,140.52208333333334,449999.6875443358,7791001.846543926,0.0,G:\博士所有材料\电磁ai\第十六篇开创性工作天马行空\Geo-Buddy-Official\Experiment_Data_Full\576.edi
577R,-19.976444444444443,140.5408611111111,451964.1350636345,7791059.592462394,0.0,G:\博士所有材料\电磁ai\第十六篇开创性工作天马行空\Geo-Buddy-Official\Experiment_Data_Full\577R.edi
578,-19.976888888888887,140.56,453966.6371458696,7791015.776956998,0.0,G:\博士所有材料\电磁ai\第十六篇开创性工作天马行空\Geo-Buddy-Official\Experiment_Data_Full\578.edi
579,-19.977027777777774,140.57938888888887,455995.1948250417,7791005.612125007,0.0,G:\博士所有材料\电磁ai\第十六篇开创性工作天马行空\Geo-Buddy-Official\Experiment_Data_Full\579.edi
581R,-19.976555555555557,140.61880555555555,460118.9412152388,7791067.727273967,0.0,G:\博士所有材料\电磁ai\第十六篇开创性工作天马行空\Geo-Buddy-Official\Experiment_Data_Full\581R.edi
582,-19.977666666666664,140.63688888888888,462011.1293412061,7790948.968400547,0.0,G:\博士所有材料\电磁ai\第十六篇开创性工作天马行空\Geo-Buddy-Official\Experiment_Data_Full\582.edi
583,-19.97522222222222,140.655,463905.3847461099,7791223.474136442,0.0,G:\博士所有材料\电磁ai\第十六篇开创性工作天马行空\Geo-Buddy-Official\Experiment_Data_Full\583.edi
584,-19.976777777777777,140.6738611111111,465879.0249662187,7791055.282819355,0.0,G:\博士所有材料\电磁ai\第十六篇开创性工作天马行空\Geo-Buddy-Official\Experiment_Data_Full\584.edi
585 QC,-19.97733333333333,140.6941111111111,467997.7282976722,7790997.796634885,0.0,G:\博士所有材料\电磁ai\第十六篇开创性工作天马行空\Geo-Buddy-Official\Experiment_Data_Full\585 QC.edi
585,-19.977166666666665,140.69400000000002,467986.0700509634,7791016.218917912,0.0,G:\博士所有材料\电磁ai\第十六篇开创性工作天马行空\Geo-Buddy-Official\Experiment_Data_Full\585.edi
586,-19.97705,140.71308333333332,469982.57269855286,7791032.658700243,0.0,G:\博士所有材料\电磁ai\第十六篇开创性工作天马行空\Geo-Buddy-Official\Experiment_Data_Full\586.edi
587,-19.977016388888888,140.7322388888889,471986.64637442434,7791039.69233758,0.0,G:\博士所有材料\电磁ai\第十六篇开创性工作天马行空\Geo-Buddy-Official\Experiment_Data_Full\587.edi
588,-19.9776,140.7521361111111,474068.4134761307,7790978.309769321,0.0,G:\博士所有材料\电磁ai\第十六篇开创性工作天马行空\Geo-Buddy-Official\Experiment_Data_Full\588.edi
589,-19.97744944444444,140.76559444444445,475476.4108681697,7790996.994887542,0.0,G:\博士所有材料\电磁ai\第十六篇开创性工作天马行空\Geo-Buddy-Official\Experiment_Data_Full\589.edi
595,-19.958805555555557,140.4273611111111,440082.6413124356,7792975.051484009,0.0,G:\博士所有材料\电磁ai\第十六篇开创性工作天马行空\Geo-Buddy-Official\Experiment_Data_Full\595.edi
596,-19.957916666666662,140.4453611111111,441965.7700770048,7793079.743738092,0.0,G:\博士所有材料\电磁ai\第十六篇开创性工作天马行空\Geo-Buddy-Official\Experiment_Data_Full\596.edi
597,-19.95875,140.4661111111111,444137.2737737401,7792994.564467016,0.0,G:\博士所有材料\电磁ai\第十六篇开创性工作天马行空\Geo-Buddy-Official\Experiment_Data_Full\597.edi
598,-19.95883333333333,140.48391666666666,446000.4014126247,7792991.1698245555,0.0,G:\博士所有材料\电磁ai\第十六篇开创性工作天马行空\Geo-Buddy-Official\Experiment_Data_Full\598.edi
599,-19.95875,140.50308333333334,448005.8888516512,7793006.443558805,0.0,G:\博士所有材料\电磁ai\第十六篇开创性工作天马行空\Geo-Buddy-Official\Experiment_Data_Full\599.edi
600,-19.958805555555557,140.52200000000002,449985.2588450862,7793006.043955946,0.0,G:\博士所有材料\电磁ai\第十六篇开创性工作天马行空\Geo-Buddy-Official\Experiment_Data_Full\600.edi
601R,-19.959166666666665,140.54111111111112,451985.0613753476,7792971.66345791,0.0,G:\博士所有材料\电磁ai\第十六篇开创性工作天马行空\Geo-Buddy-Official\Experiment_Data_Full\601R.edi
602R,-19.958944444444445,140.5603888888889,454002.12066185503,7793001.653942277,0.0,G:\博士所有材料\电磁ai\第十六篇开创性工作天马行空\Geo-Buddy-Official\Experiment_Data_Full\602R.edi
603,-19.958694444444443,140.57688888888887,455728.5220059356,7793033.756319445,0.0,G:\博士所有材料\电磁ai\第十六篇开创性工作天马行空\Geo-Buddy-Official\Experiment_Data_Full\603.edi
604,-19.95911111111111,140.5986388888889,458004.4343228095,7792993.236605229,0.0,G:\博士所有材料\电磁ai\第十六篇开创性工作天马行空\Geo-Buddy-Official\Experiment_Data_Full\604.edi
605,-19.95808333333333,140.61791666666667,460021.2883492381,7793111.679439932,0.0,G:\博士所有材料\电磁ai\第十六篇开创性工作天马行空\Geo-Buddy-Official\Experiment_Data_Full\605.edi
606,-19.96022222222222,140.63658333333333,461974.9800018488,7792879.324710463,0.0,G:\博士所有材料\电磁ai\第十六篇开创性工作天马行空\Geo-Buddy-Official\Experiment_Data_Full\606.edi
607,-19.95908333333333,140.65583333333333,463988.9071928831,7793009.601076098,0.0,G:\博士所有材料\电磁ai\第十六篇开创性工作天马行空\Geo-Buddy-Official\Experiment_Data_Full\607.edi
608,-19.959055555555555,140.67433333333332,465924.6230144892,7793016.537420239,0.0,G:\博士所有材料\电磁ai\第十六篇开创性工作天马行空\Geo-Buddy-Official\Experiment_Data_Full\608.edi
609,-19.95808333333333,140.69591666666668,468182.76713263226,7793128.3607052835,0.0,G:\博士所有材料\电磁ai\第十六篇开创性工作天马行空\Geo-Buddy-Official\Experiment_Data_Full\609.edi
610R,-19.958916666666667,140.7133888888889,470011.1124359734,7793039.360289563,0.0,G:\博士所有材料\电磁ai\第十六篇开创性工作天马行空\Geo-Buddy-Official\Experiment_Data_Full\610R.edi
611,-19.95788333333333,140.73231666666666,471991.40564315935,7793156.979452669,0.0,G:\博士所有材料\电磁ai\第十六篇开创性工作天马行空\Geo-Buddy-Official\Experiment_Data_Full\611.edi
612,-19.959365833333333,140.7515563888889,474004.7744863056,7792996.020501113,0.0,G:\博士所有材料\电磁ai\第十六篇开创性工作天马行空\Geo-Buddy-Official\Experiment_Data_Full\612.edi
613,-19.95921694444444,140.7656861111111,475483.183323581,7793014.62268301,0.0,G:\博士所有材料\电磁ai\第十六篇开创性工作天马行空\Geo-Buddy-Official\Experiment_Data_Full\613.edi
620,-19.941027777777776,140.44511111111112,441933.43498141225,7794948.638900362,0.0,G:\博士所有材料\电磁ai\第十六篇开创性工作天马行空\Geo-Buddy-Official\Experiment_Data_Full\620.edi
621,-19.940555555555555,140.4648611111111,444000.0622890719,7795007.601708172,0.0,G:\博士所有材料\电磁ai\第十六篇开创性工作天马行空\Geo-Buddy-Official\Experiment_Data_Full\621.edi
622,-19.94080555555556,140.48416666666665,446020.431918418,7794986.255416846,0.0,G:\博士所有材料\电磁ai\第十六篇开创性工作天马行空\Geo-Buddy-Official\Experiment_Data_Full\622.edi
623,-19.94077777777778,140.50316666666666,448008.7240261315,7794995.322101765,0.0,G:\博士所有材料\电磁ai\第十六篇开创性工作天马行空\Geo-Buddy-Official\Experiment_Data_Full\623.edi
624R,-19.939083333333333,140.5208888888889,449862.7706531773,7795188.220112282,0.0,G:\博士所有材料\电磁ai\第十六篇开创性工作天马行空\Geo-Buddy-Official\Experiment_Data_Full\624R.edi
625,-19.94083333333333,140.54144444444444,452014.3993953189,7795000.564327359,0.0,G:\博士所有材料\电磁ai\第十六篇开创性工作天马行空\Geo-Buddy-Official\Experiment_Data_Full\625.edi
626,-19.94108333333333,140.559,453851.6038048839,7794977.817485156,0.0,G:\博士所有材料\电磁ai\第十六篇开创性工作天马行空\Geo-Buddy-Official\Experiment_Data_Full\626.edi
627,-19.94086111111111,140.57816666666668,455857.2644037231,7795007.559767041,0.0,G:\博士所有材料\电磁ai\第十六篇开创性工作天马行空\Geo-Buddy-Official\Experiment_Data_Full\627.edi
628,-19.93797222222222,140.60027777777776,458170.3501186017,7795332.905819936,0.0,G:\博士所有材料\电磁ai\第十六篇开创性工作天马行空\Geo-Buddy-Official\Experiment_Data_Full\628.edi
629,-19.944805555555558,140.61441666666667,459651.6927560171,7794580.178648204,0.0,G:\博士所有材料\电磁ai\第十六篇开创性工作天马行空\Geo-Buddy-Official\Experiment_Data_Full\629.edi
630,-19.94022222222222,140.63938888888887,462263.7810286071,7795093.17945796,0.0,G:\博士所有材料\电磁ai\第十六篇开创性工作天马行空\Geo-Buddy-Official\Experiment_Data_Full\630.edi
631,-19.94108333333333,140.65602777777778,464005.1724119456,7795001.539425135,0.0,G:\博士所有材料\电磁ai\第十六篇开创性工作天马行空\Geo-Buddy-Official\Experiment_Data_Full\631.edi
632,-19.941111111111116,140.6748611111111,465976.0013740685,7795002.390349636,0.0,G:\博士所有材料\电磁ai\第十六篇开创性工作天马行空\Geo-Buddy-Official\Experiment_Data_Full\632.edi
633,-19.939716666666666,140.69608333333335,468196.52785261214,7795160.858128954,0.0,G:\博士所有材料\电磁ai\第十六篇开创性工作天马行空\Geo-Buddy-Official\Experiment_Data_Full\633.edi
634,-19.9412,140.71336666666664,470005.4407382196,7794999.890688388,0.0,G:\博士所有材料\电磁ai\第十六篇开创性工作天马行空\Geo-Buddy-Official\Experiment_Data_Full\634.edi
635,-19.94140055555556,140.73229972222222,471986.7249556408,7794980.96595303,0.0,G:\博士所有材料\电磁ai\第十六篇开创性工作天马行空\Geo-Buddy-Official\Experiment_Data_Full\635.edi
636,-19.941233333333333,140.75046666666665,473887.77202961856,7795002.397393825,0.0,G:\博士所有材料\电磁ai\第十六篇开创性工作天马行空\Geo-Buddy-Official\Experiment_Data_Full\636.edi
637,-19.9412175,140.77037055555556,475970.6061054852,7795007.119904016,0.0,G:\博士所有材料\电磁ai\第十六篇开创性工作天马行空\Geo-Buddy-Official\Experiment_Data_Full\637.edi
63_Paralell,-20.240222222222226,140.2529722222222,421974.5216981583,7761759.359917812,0.0,G:\博士所有材料\电磁ai\第十六篇开创性工作天马行空\Geo-Buddy-Official\Experiment_Data_Full\63_Paralell.edi
644,-19.922027777777775,140.44575,441993.35948809126,7797051.459554147,0.0,G:\博士所有材料\电磁ai\第十六篇开创性工作天马行空\Geo-Buddy-Official\Experiment_Data_Full\644.edi
645,-19.922472222222225,140.46488888888888,443996.5977399118,7797008.764770494,0.0,G:\博士所有材料\电磁ai\第十六篇开创性工作天马行空\Geo-Buddy-Official\Experiment_Data_Full\645.edi
646,-19.921833333333336,140.4838611111111,445982.0087418519,7797085.673040606,0.0,G:\博士所有材料\电磁ai\第十六篇开创性工作天马行空\Geo-Buddy-Official\Experiment_Data_Full\646.edi
647,-19.92255555555556,140.50333333333333,448020.2061477411,7797011.887941111,0.0,G:\博士所有材料\电磁ai\第十六篇开创性工作天马行空\Geo-Buddy-Official\Experiment_Data_Full\647.edi
648,-19.922666666666668,140.52222222222224,449997.1373772448,7797005.320576146,0.0,G:\博士所有材料\电磁ai\第十六篇开创性工作天马行空\Geo-Buddy-Official\Experiment_Data_Full\648.edi
649,-19.921861111111117,140.54149999999998,452014.4856538443,7797100.082153993,0.0,G:\博士所有材料\电磁ai\第十六篇开创性工作天马行空\Geo-Buddy-Official\Experiment_Data_Full\649.edi
650,-19.92313888888889,140.56072222222224,454026.6380487024,7796964.051933716,0.0,G:\博士所有材料\电磁ai\第十六篇开创性工作天马行空\Geo-Buddy-Official\Experiment_Data_Full\650.edi
651,-19.92275,140.5796388888889,456006.3144158436,7797012.147912472,0.0,G:\博士所有材料\电磁ai\第十六篇开创性工作天马行空\Geo-Buddy-Official\Experiment_Data_Full\651.edi
652,-19.92288888888889,140.59719444444443,457843.6849512216,7797001.2757982,0.0,G:\博士所有材料\电磁ai\第十六篇开创性工作天马行空\Geo-Buddy-Official\Experiment_Data_Full\652.edi
653,-19.922777777777775,140.61758333333333,459977.5167139778,7797018.554049581,0.0,G:\博士所有材料\电磁ai\第十六篇开创性工作天马行空\Geo-Buddy-Official\Experiment_Data_Full\653.edi
654,-19.923111111111112,140.63658333333333,461966.0957349351,7796986.077354198,0.0,G:\博士所有材料\电磁ai\第十六篇开创性工作天马行空\Geo-Buddy-Official\Experiment_Data_Full\654.edi
655,-19.92291666666667,140.65669444444444,464070.8296728791,7797012.018078169,0.0,G:\博士所有材料\电磁ai\第十六篇开创性工作天马行空\Geo-Buddy-Official\Experiment_Data_Full\655.edi
656,-19.923033333333336,140.67518333333334,466005.85416466114,7797002.952127613,0.0,G:\博士所有材料\电磁ai\第十六篇开创性工作天马行空\Geo-Buddy-Official\Experiment_Data_Full\656.edi
657,-19.923350000000003,140.69451666666666,468029.2903572482,7796971.702165229,0.0,G:\博士所有材料\电磁ai\第十六篇开创性工作天马行空\Geo-Buddy-Official\Experiment_Data_Full\657.edi
658,-19.92325,140.71325,469989.8431005274,7796986.221037256,0.0,G:\博士所有材料\电磁ai\第十六篇开创性工作天马行空\Geo-Buddy-Official\Experiment_Data_Full\658.edi
659,-19.92552777777778,140.73175,471926.3957256068,7796737.357600128,0.0,G:\博士所有材料\电磁ai\第十六篇开创性工作天马行空\Geo-Buddy-Official\Experiment_Data_Full\659.edi
660,-19.92318333333333,140.75148333333334,473991.2073395892,7796999.967490194,0.0,G:\博士所有材料\电磁ai\第十六篇开创性工作天马行空\Geo-Buddy-Official\Experiment_Data_Full\660.edi
668,-19.90436111111111,140.46494444444443,443996.0371865708,7799013.00699132,0.0,G:\博士所有材料\电磁ai\第十六篇开创性工作天马行空\Geo-Buddy-Official\Experiment_Data_Full\668.edi
669,-19.904527777777776,140.48366666666666,445955.7799754568,7799000.684868864,0.0,G:\博士所有材料\电磁ai\第十六篇开创性工作天马行空\Geo-Buddy-Official\Experiment_Data_Full\669.edi
670,-19.9055,140.50316666666666,447997.1882296877,7798899.24090172,0.0,G:\博士所有材料\电磁ai\第十六篇开创性工作天马行空\Geo-Buddy-Official\Experiment_Data_Full\670.edi
671,-19.904722222222222,140.5223888888889,450008.94235140784,7798991.136530274,0.0,G:\博士所有材料\电磁ai\第十六篇开创性工作天马行空\Geo-Buddy-Official\Experiment_Data_Full\671.edi
672 R,-19.905472222222222,140.54305555555555,452172.3624652093,7798914.146853053,0.0,G:\博士所有材料\电磁ai\第十六篇开创性工作天马行空\Geo-Buddy-Official\Experiment_Data_Full\672 R.edi
673,-19.90483333333333,140.5606388888889,454012.6254598929,7798989.748484775,0.0,G:\博士所有材料\电磁ai\第十六篇开创性工作天马行空\Geo-Buddy-Official\Experiment_Data_Full\673.edi
674,-19.90483333333333,140.57969444444444,456007.1747763088,7798994.842909798,0.0,G:\博士所有材料\电磁ai\第十六篇开创性工作天马行空\Geo-Buddy-Official\Experiment_Data_Full\674.edi
675,-19.90522222222222,140.59683333333334,457801.206038597,7798956.197180033,0.0,G:\博士所有材料\电磁ai\第十六篇开创性工作天马行空\Geo-Buddy-Official\Experiment_Data_Full\675.edi
676,-19.90502777777777,140.61780555555558,459996.3111566053,7798982.836802238,0.0,G:\博士所有材料\电磁ai\第十六篇开创性工作天马行空\Geo-Buddy-Official\Experiment_Data_Full\676.edi
677,-19.904916666666665,140.63683333333333,461987.9132383251,7798999.543015414,0.0,G:\博士所有材料\电磁ai\第十六篇开创性工作天马行空\Geo-Buddy-Official\Experiment_Data_Full\677.edi
678,-19.905066666666663,140.65640000000002,464035.979043709,7798987.244591733,0.0,G:\博士所有材料\电磁ai\第十六篇开创性工作天马行空\Geo-Buddy-Official\Experiment_Data_Full\678.edi
679,-19.905166666666663,140.67416666666665,465895.622836064,7798979.877312753,0.0,G:\博士所有材料\电磁ai\第十六篇开创性工作天马行空\Geo-Buddy-Official\Experiment_Data_Full\679.edi
680,-19.905116666666665,140.69476666666668,468051.793312393,7798989.453129372,0.0,G:\博士所有材料\电磁ai\第十六篇开创性工作天马行空\Geo-Buddy-Official\Experiment_Data_Full\680.edi
682R,-19.904027777777777,140.73141666666666,471887.7117234899,7799116.489434618,0.0,G:\博士所有材料\电磁ai\第十六篇开创性工作天马行空\Geo-Buddy-Official\Experiment_Data_Full\682R.edi
683,-19.90486111111111,140.7516388888889,474004.4936974379,7799027.523883937,0.0,G:\博士所有材料\电磁ai\第十六篇开创性工作天马行空\Geo-Buddy-Official\Experiment_Data_Full\683.edi
689,-19.905055555555556,140.71341666666666,470003.8556945082,7798999.648137309,0.0,G:\博士所有材料\电磁ai\第十六篇开创性工作天马行空\Geo-Buddy-Official\Experiment_Data_Full\689.edi
691,-19.88658333333333,140.46605555555556,444106.09991418594,7800980.708336038,0.0,G:\博士所有材料\电磁ai\第十六篇开创性工作天马行空\Geo-Buddy-Official\Experiment_Data_Full\691.edi
692,-19.886416666666666,140.48405555555553,445990.3435986345,7801005.024683377,0.0,G:\博士所有材料\电磁ai\第十六篇开创性工作天马行空\Geo-Buddy-Official\Experiment_Data_Full\692.edi
693,-19.885444444444445,140.50222222222223,447891.77086267504,7801118.335369732,0.0,G:\博士所有材料\电磁ai\第十六篇开创性工作天马行空\Geo-Buddy-Official\Experiment_Data_Full\693.edi
694,-19.886444444444443,140.5224166666667,450006.11229966034,7801013.794389604,0.0,G:\博士所有材料\电磁ai\第十六篇开创性工作天马行空\Geo-Buddy-Official\Experiment_Data_Full\694.edi
695,-19.88647222222222,140.54125,451977.6455885464,7801016.200323576,0.0,G:\博士所有材料\电磁ai\第十六篇开创性工作天马行空\Geo-Buddy-Official\Experiment_Data_Full\695.edi
696,-19.88658333333333,140.5605277777778,453995.7237392081,7801009.285500495,0.0,G:\博士所有材料\电磁ai\第十六篇开创性工作天马行空\Geo-Buddy-Official\Experiment_Data_Full\696.edi
697,-19.886777777777777,140.57972222222222,456005.0945511065,7800992.896230064,0.0,G:\博士所有材料\电磁ai\第十六篇开创性工作天马行空\Geo-Buddy-Official\Experiment_Data_Full\697.edi
698,-19.890138888888888,140.59975,458102.5241513492,7800626.059981475,0.0,G:\博士所有材料\电磁ai\第十六篇开创性工作天马行空\Geo-Buddy-Official\Experiment_Data_Full\698.edi
699,-19.88725,140.61752777777778,459962.7669872695,7800950.070672943,0.0,G:\博士所有材料\电磁ai\第十六篇开创性工作天马行空\Geo-Buddy-Official\Experiment_Data_Full\699.edi
700,-19.886944444444445,140.63713888888887,462015.6091579319,7800988.425803002,0.0,G:\博士所有材料\电磁ai\第十六篇开创性工作天马行空\Geo-Buddy-Official\Experiment_Data_Full\700.edi
701,-19.886916666666668,140.65625,464016.177812791,7800995.696108997,0.0,G:\博士所有材料\电磁ai\第十六篇开创性工作天马行空\Geo-Buddy-Official\Experiment_Data_Full\701.edi
702,-19.88693333333333,140.67518333333334,465998.143588476,7800997.785300806,0.0,G:\博士所有材料\电磁ai\第十六篇开创性工作天马行空\Geo-Buddy-Official\Experiment_Data_Full\702.edi
703,-19.886966666666662,140.69431666666668,468001.04559463786,7800997.845376834,0.0,G:\博士所有材料\电磁ai\第十六篇开创性工作天马行空\Geo-Buddy-Official\Experiment_Data_Full\703.edi
704,-19.887527777777777,140.7131111111111,469968.568359924,7800939.213826526,0.0,G:\博士所有材料\电磁ai\第十六篇开创性工作天马行空\Geo-Buddy-Official\Experiment_Data_Full\704.edi
705,-19.887,140.73283333333333,472033.0032627622,7801001.013151659,0.0,G:\博士所有材料\电磁ai\第十六篇开创性工作天马行空\Geo-Buddy-Official\Experiment_Data_Full\705.edi
706,-19.887527777777777,140.75213888888888,474054.0041820552,7800945.699304724,0.0,G:\博士所有材料\电磁ai\第十六篇开创性工作天马行空\Geo-Buddy-Official\Experiment_Data_Full\706.edi
715,-19.868583333333333,140.48402777777775,445981.3929239806,7802978.487312095,0.0,G:\博士所有材料\电磁ai\第十六篇开创性工作天马行空\Geo-Buddy-Official\Experiment_Data_Full\715.edi
716 R,-19.866777777777777,140.50411111111111,448083.4282645952,7803184.603168345,0.0,G:\博士所有材料\电磁ai\第十六篇开创性工作天马行空\Geo-Buddy-Official\Experiment_Data_Full\716 R.edi
717,-19.86844444444445,140.52225,449983.0177644636,7803005.651174568,0.0,G:\博士所有材料\电磁ai\第十六篇开创性工作天马行空\Geo-Buddy-Official\Experiment_Data_Full\717.edi
718,-19.869,140.54016666666666,451858.96313657815,7802949.388924159,0.0,G:\博士所有材料\电磁ai\第十六篇开创性工作天马行空\Geo-Buddy-Official\Experiment_Data_Full\718.edi
719,-19.868583333333333,140.56055555555557,453993.43699623126,7803001.19113084,0.0,G:\博士所有材料\电磁ai\第十六篇开创性工作天马行空\Geo-Buddy-Official\Experiment_Data_Full\719.edi
72,-20.5011,140.50261666666665,448137.2290217895,7732986.545328742,0.0,G:\博士所有材料\电磁ai\第十六篇开创性工作天马行空\Geo-Buddy-Official\Experiment_Data_Full\72.edi
720,-19.86691666666667,140.5808888888889,456121.7572816596,7803191.046306121,0.0,G:\博士所有材料\电磁ai\第十六篇开创性工作天马行空\Geo-Buddy-Official\Experiment_Data_Full\720.edi
721R,-19.86852777777778,140.59969444444445,458091.0269394149,7803017.544578234,0.0,G:\博士所有材料\电磁ai\第十六篇开创性工作天马行空\Geo-Buddy-Official\Experiment_Data_Full\721R.edi
722,-19.869,140.62280555555557,460510.73081236455,7802970.867914867,0.0,G:\博士所有材料\电磁ai\第十六篇开创性工作天马行空\Geo-Buddy-Official\Experiment_Data_Full\722.edi
723R,-19.86841666666667,140.63730555555554,462028.6430376007,7803038.750983287,0.0,G:\博士所有材料\电磁ai\第十六篇开创性工作天马行空\Geo-Buddy-Official\Experiment_Data_Full\723R.edi
724,-19.8688,140.6561,463996.3841268178,7803000.4549214365,0.0,G:\博士所有材料\电磁ai\第十六篇开创性工作天马行空\Geo-Buddy-Official\Experiment_Data_Full\724.edi
725,-19.868916666666667,140.67518333333334,465994.3004509851,7802991.5071786735,0.0,G:\博士所有材料\电磁ai\第十六篇开创性工作天马行空\Geo-Buddy-Official\Experiment_Data_Full\725.edi
726,-19.86845,140.69431666666668,467997.3285135856,7803046.894222693,0.0,G:\博士所有材料\电磁ai\第十六篇开创性工作天马行空\Geo-Buddy-Official\Experiment_Data_Full\726.edi
727,-19.8705,140.7167777777778,470349.2289934683,7802824.149610761,0.0,G:\博士所有材料\电磁ai\第十六篇开创性工作天马行空\Geo-Buddy-Official\Experiment_Data_Full\727.edi
728,-19.86938888888889,140.73297222222223,472044.45393316745,7802949.871563122,0.0,G:\博士所有材料\电磁ai\第十六篇开创性工作天马行空\Geo-Buddy-Official\Experiment_Data_Full\728.edi
729R,-19.86913888888889,140.75144444444445,473978.30805464246,7802980.49371863,0.0,G:\博士所有材料\电磁ai\第十六篇开创性工作天马行空\Geo-Buddy-Official\Experiment_Data_Full\729R.edi
73,-20.50093333333333,140.5204666666667,449998.4500137452,7733010.547633268,0.0,G:\博士所有材料\电磁ai\第十六篇开创性工作天马行空\Geo-Buddy-Official\Experiment_Data_Full\73.edi
74,-20.50101666666667,140.5398,452014.42082304833,7733007.115296438,0.0,G:\博士所有材料\电磁ai\第十六篇开创性工作天马行空\Geo-Buddy-Official\Experiment_Data_Full\74.edi
83,-20.483766666666668,140.48471666666666,446264.6967339697,7734899.041690547,0.0,G:\博士所有材料\电磁ai\第十六篇开创性工作天马行空\Geo-Buddy-Official\Experiment_Data_Full\83.edi
84,-20.482766666666667,140.50151666666667,448016.3487398877,7735015.135028902,0.0,G:\博士所有材料\电磁ai\第十六篇开创性工作天马行空\Geo-Buddy-Official\Experiment_Data_Full\84.edi
85,-20.4829,140.52028333333334,449973.4835360457,7735006.225343276,0.0,G:\博士所有材料\电磁ai\第十六篇开创性工作天马行空\Geo-Buddy-Official\Experiment_Data_Full\85.edi
86,-20.482916666666664,140.5396,451987.93131986354,7735010.164118757,0.0,G:\博士所有材料\电磁ai\第十六篇开创性工作天马行空\Geo-Buddy-Official\Experiment_Data_Full\86.edi
881,-19.833111111111112,140.52333333333334,450085.39077370975,7806915.998370475,0.0,G:\博士所有材料\电磁ai\第十六篇开创性工作天马行空\Geo-Buddy-Official\Experiment_Data_Full\881.edi
883,-19.84958333333333,140.4836111111111,445931.3323997015,7805080.9266925715,0.0,G:\博士所有材料\电磁ai\第十六篇开创性工作天马行空\Geo-Buddy-Official\Experiment_Data_Full\883.edi
884,-19.831805555555555,140.57969444444444,455987.02680607553,7807076.145983566,0.0,G:\博士所有材料\电磁ai\第十六篇开创性工作天马行空\Geo-Buddy-Official\Experiment_Data_Full\884.edi
885,-19.83288888888889,140.73347222222222,472090.41967748606,7806989.010912715,0.0,G:\博士所有材料\电磁ai\第十六篇开创性工作天马行空\Geo-Buddy-Official\Experiment_Data_Full\885.edi
888,-19.830388888888887,140.4656388888889,444042.77981922,7807199.158131303,0.0,G:\博士所有材料\电磁ai\第十六篇开创性工作天马行空\Geo-Buddy-Official\Experiment_Data_Full\888.edi
889,-19.83230555555556,140.48424999999995,445992.3871891872,7806993.116143601,0.0,G:\博士所有材料\电磁ai\第十六篇开创性工作天马行空\Geo-Buddy-Official\Experiment_Data_Full\889.edi
890,-19.84936111111111,140.52336111111111,450093.3771732923,7805117.765342871,0.0,G:\博士所有材料\电磁ai\第十六篇开创性工作天马行空\Geo-Buddy-Official\Experiment_Data_Full\890.edi
891,-19.851166666666668,140.61669444444445,459866.45339839766,7804942.864725651,0.0,G:\博士所有材料\电磁ai\第十六篇开创性工作天马行空\Geo-Buddy-Official\Experiment_Data_Full\891.edi
894,-19.848166666666664,140.44530555555556,441919.9275966528,7805224.968001601,0.0,G:\博士所有材料\电磁ai\第十六篇开创性工作天马行空\Geo-Buddy-Official\Experiment_Data_Full\894.edi
895R,-19.832666666666665,140.63727777777777,462017.23036019376,7806994.834914433,0.0,G:\博士所有材料\电磁ai\第十六篇开创性工作天马行空\Geo-Buddy-Official\Experiment_Data_Full\895R.edi
896,-19.85083333333333,140.73233333333334,471974.30845815886,7805003.108446639,0.0,G:\博士所有材料\电磁ai\第十六篇开创性工作天马行空\Geo-Buddy-Official\Experiment_Data_Full\896.edi
898R,-19.85086111111111,140.71341666666666,469993.65623133455,7804996.781471464,0.0,G:\博士所有材料\电磁ai\第十六篇开创性工作天马行空\Geo-Buddy-Official\Experiment_Data_Full\898R.edi
899,-19.85002777777778,140.5421111111111,452056.8349826225,7805049.428038271,0.0,G:\博士所有材料\电磁ai\第十六篇开创性工作天马行空\Geo-Buddy-Official\Experiment_Data_Full\899.edi
900,-19.85095,140.6752833333333,466000.94177896605,7804979.712219134,0.0,G:\博士所有材料\电磁ai\第十六篇开创性工作天马行空\Geo-Buddy-Official\Experiment_Data_Full\900.edi
902,-19.83597222222222,140.6145,459632.8437680694,7806623.758493653,0.0,G:\博士所有材料\电磁ai\第十六篇开创性工作天马行空\Geo-Buddy-Official\Experiment_Data_Full\902.edi
903,-19.85115,140.65630000000002,464013.3423929058,7804953.643207718,0.0,G:\博士所有材料\电磁ai\第十六篇开创性工作天马行空\Geo-Buddy-Official\Experiment_Data_Full\903.edi
904,-19.85030555555556,140.5026388888889,447923.91718889785,7805006.989556009,0.0,G:\博士所有材料\电磁ai\第十六篇开创性工作天马行空\Geo-Buddy-Official\Experiment_Data_Full\904.edi
905,-19.85063888888889,140.56116666666668,454052.2498976001,7804987.103898881,0.0,G:\博士所有材料\电磁ai\第十六篇开创性工作天马行空\Geo-Buddy-Official\Experiment_Data_Full\905.edi
906,-19.8507,140.6945,468012.9643140825,7805011.134746644,0.0,G:\博士所有材料\电磁ai\第十六篇开创性工作天马行空\Geo-Buddy-Official\Experiment_Data_Full\906.edi
908,-19.832277777777776,140.5036111111111,448019.8489539681,7807002.265772904,0.0,G:\博士所有材料\电磁ai\第十六篇开创性工作天马行空\Geo-Buddy-Official\Experiment_Data_Full\908.edi
909,-19.832766666666668,140.69583333333333,468148.9946239175,7806995.876122486,0.0,G:\博士所有材料\电磁ai\第十六篇开创性工作天马行空\Geo-Buddy-Official\Experiment_Data_Full\909.edi
910,-19.83269444444445,140.6749722222222,465964.47718452034,7806999.798672635,0.0,G:\博士所有材料\电磁ai\第十六篇开创性工作天马行空\Geo-Buddy-Official\Experiment_Data_Full\910.edi
912,-19.83261111111111,140.65619444444445,463998.1118069784,7807005.126420926,0.0,G:\博士所有材料\电磁ai\第十六篇开创性工作天马行空\Geo-Buddy-Official\Experiment_Data_Full\912.edi
913,-19.833388888888887,140.5979444444445,457898.5469555752,7806905.587273858,0.0,G:\博士所有材料\电磁ai\第十六篇开创性工作天马行空\Geo-Buddy-Official\Experiment_Data_Full\913.edi
914,-19.829138888888888,140.54416666666663,452265.8234154572,7807361.590398138,0.0,G:\博士所有材料\电磁ai\第十六篇开创性工作天马行空\Geo-Buddy-Official\Experiment_Data_Full\914.edi
915,-19.849305555555556,140.4653611111111,444020.320547628,7805105.714667311,0.0,G:\博士所有材料\电磁ai\第十六篇开创性工作天马行空\Geo-Buddy-Official\Experiment_Data_Full\915.edi
916,-19.832944444444443,140.56241666666668,454178.05631317897,7806945.520592093,0.0,G:\博士所有材料\电磁ai\第十六篇开创性工作天马行空\Geo-Buddy-Official\Experiment_Data_Full\916.edi
918,-19.851000000000003,140.75161111111112,473992.8005302891,7804987.75203089,0.0,G:\博士所有材料\电磁ai\第十六篇开创性工作天马行空\Geo-Buddy-Official\Experiment_Data_Full\918.edi
919,-19.85063888888889,140.63713888888887,462006.9615253953,7805006.001926756,0.0,G:\博士所有材料\电磁ai\第十六篇开创性工作天马行空\Geo-Buddy-Official\Experiment_Data_Full\919.edi
920,-19.832555555555555,140.71169444444445,469809.872212788,7807022.151005626,0.0,G:\博士所有材料\电磁ai\第十六篇开创性工作天马行空\Geo-Buddy-Official\Experiment_Data_Full\920.edi
922,-19.850555555555555,140.5988888888889,458001.9603105135,7805006.156684072,0.0,G:\博士所有材料\电磁ai\第十六篇开创性工作天马行空\Geo-Buddy-Official\Experiment_Data_Full\922.edi
924,-19.83286111111111,140.75069444444443,473893.8572828217,7806994.839106992,0.0,G:\博士所有材料\电磁ai\第十六篇开创性工作天马行空\Geo-Buddy-Official\Experiment_Data_Full\924.edi
925,-19.833166666666667,140.43930555555556,441286.1600955672,7806882.823622627,0.0,G:\博士所有材料\电磁ai\第十六篇开创性工作天马行空\Geo-Buddy-Official\Experiment_Data_Full\925.edi
926,-19.8505,140.58072222222222,456099.79201894987,7805007.680177155,0.0,G:\博士所有材料\电磁ai\第十六篇开创性工作天马行空\Geo-Buddy-Official\Experiment_Data_Full\926.edi
94,-20.464666666666663,140.46296666666666,443989.561166265,7737005.543261629,0.0,G:\博士所有材料\电磁ai\第十六篇开创性工作天马行空\Geo-Buddy-Official\Experiment_Data_Full\94.edi
95,-20.4638,140.48341666666664,446122.15724404965,7737108.313425118,0.0,G:\博士所有材料\电磁ai\第十六篇开创性工作天马行空\Geo-Buddy-Official\Experiment_Data_Full\95.edi
96,-20.46463333333333,140.50001666666665,447853.7948008491,7737021.459179901,0.0,G:\博士所有材料\电磁ai\第十六篇开创性工作天马行空\Geo-Buddy-Official\Experiment_Data_Full\96.edi
97,-20.462616666666666,140.5218,450125.0966712749,7737251.422085548,0.0,G:\博士所有材料\电磁ai\第十六篇开创性工作天马行空\Geo-Buddy-Official\Experiment_Data_Full\97.edi
98,-20.46353333333333,140.54033333333334,452058.3874827194,7737155.506846948,0.0,G:\博士所有材料\电磁ai\第十六篇开创性工作天马行空\Geo-Buddy-Official\Experiment_Data_Full\98.edi
